cutoff_type,rejection_rate,replicate,n_pool,n_accepted,n_rejected,realised_rejection_rate,truth_ttd_bad_rate,truth_reject_bad_rate,truth_accepted_bad_rate,oracle_ttd_gini,baseline_reported_gini,baseline_actual_ttd_gini,reject_bad_scale,method,est_ttd_bad_rate,est_reject_bad_rate,claimed_gini,actual_ttd_gini,bad_rate_bias,gini_bias,gini_uplift,reject_bad_rate_bias
risk_hard,0.1,0,60000,37854,4173,0.09929331144264401,0.20180270405608414,0.2714517116546631,0.1937965303659439,0.2840796893629425,0.27739511300433617,0.2825847517905098,2.0,none (biased baseline),0.1937965303659439,,0.27739511300433617,0.2825847517905098,-0.008006173690140228,-0.005189638786173623,0.0,
risk_hard,0.1,0,60000,37854,4173,0.09929331144264401,0.20180270405608414,0.2714517116546631,0.1937965303659439,0.2840796893629425,0.27739511300433617,0.2825847517905098,2.0,parcelling,0.22131011594450045,0.5015576323987538,0.3508954558353601,0.2618848651686849,0.019507411888416315,0.08901059066667516,-0.02069988662182487,0.23010592074409075
risk_hard,0.1,0,60000,37854,4173,0.09929331144264401,0.20180270405608414,0.2714517116546631,0.1937965303659439,0.2840796893629425,0.27739511300433617,0.2825847517905098,2.0,fuzzy,0.22071997158879822,0.49561418719456113,0.3500729242503682,0.26272354540321796,0.018917267532714083,0.08734937884715022,-0.01986120638729183,0.22416247553989804
risk_hard,0.1,0,60000,37854,4173,0.09929331144264401,0.20180270405608414,0.2714517116546631,0.1937965303659439,0.2840796893629425,0.27739511300433617,0.2825847517905098,2.0,ipw,0.19099992551814984,0.19629849675335792,0.2759305515549626,0.2827779178813299,-0.010802778537934293,-0.006847366326367288,0.00019316609082009606,-0.07515321490130517
risk_hard,0.1,0,60000,37854,4173,0.09929331144264401,0.20180270405608414,0.2714517116546631,0.1937965303659439,0.2840796893629425,0.27739511300433617,0.2825847517905098,2.0,heckman,0.192830436606294,0.21473388843834143,0.2669541006551166,0.28277067247129706,-0.008972267449790128,-0.015816571816180458,0.00018592068078726598,-0.056717823216321656
risk_hard,0.1,1,60000,37829,4187,0.0996525133282559,0.19539590747330962,0.25,0.18947239220142365,0.27115963040915614,0.27337603993756043,0.27239335677332144,2.0,none (biased baseline),0.18947239220142365,,0.27337603993756043,0.27239335677332144,-0.005923515271885976,0.0009826831642389955,0.0,
risk_hard,0.1,1,60000,37829,4187,0.0996525133282559,0.19539590747330962,0.25,0.18947239220142365,0.27115963040915614,0.27337603993756043,0.27239335677332144,2.0,parcelling,0.217226766859538,0.46859326486744685,0.35764534939802006,0.2544148413749483,0.02183085938622839,0.10323050802307177,-0.01797851539837314,0.21859326486744685
risk_hard,0.1,1,60000,37829,4187,0.0996525133282559,0.19539590747330962,0.25,0.18947239220142365,0.27115963040915614,0.27337603993756043,0.27239335677332144,2.0,fuzzy,0.21763882630939113,0.472728227811089,0.35876453789649543,0.25426022241373136,0.02224291883608151,0.10450431548276407,-0.018133134359590075,0.22272822781108897
risk_hard,0.1,1,60000,37829,4187,0.0996525133282559,0.19539590747330962,0.25,0.18947239220142365,0.27115963040915614,0.27337603993756043,0.27239335677332144,2.0,ipw,0.19008587805020255,0.1962379784540152,0.28249386574695134,0.2723965820988925,-0.005310029423107071,0.010097283648058841,3.225325571065696e-06,-0.053762021545984806
risk_hard,0.1,1,60000,37829,4187,0.0996525133282559,0.19539590747330962,0.25,0.18947239220142365,0.27115963040915614,0.27337603993756043,0.27239335677332144,2.0,heckman,0.1915479953982325,0.2109101357252897,0.2750451433401431,0.27229278168203885,-0.00384791207507712,0.0027523616581042187,-0.00010057509128258424,-0.03908986427471031
risk_hard,0.1,2,60000,37746,4163,0.0993342718747763,0.195401028135537,0.26799556612968445,0.1873503178358078,0.2721756641569233,0.26596051101849394,0.2696391597704111,2.0,none (biased baseline),0.1873503178358078,,0.26596051101849394,0.2696391597704111,-0.008050710299729202,-0.0036786487519171462,0.0,
risk_hard,0.1,2,60000,37746,4163,0.0993342718747763,0.195401028135537,0.26799556612968445,0.1873503178358078,0.2721756641569233,0.26596051101849394,0.2696391597704111,2.0,parcelling,0.22212412234079026,0.48210425174153254,0.35209846727917515,0.25871468256235586,0.02672309420525326,0.0933837847168193,-0.010924477208055228,0.2141086856118481
risk_hard,0.1,2,60000,37746,4163,0.0993342718747763,0.195401028135537,0.26799556612968445,0.1873503178358078,0.2721756641569233,0.26596051101849394,0.2696391597704111,2.0,fuzzy,0.22188353455711513,0.47968224995771297,0.3630171821993664,0.25820575697894843,0.026482506421578123,0.10481142522041798,-0.011433402791462655,0.21168668382802852
risk_hard,0.1,2,60000,37746,4163,0.0993342718747763,0.195401028135537,0.26799556612968445,0.1873503178358078,0.2721756641569233,0.26596051101849394,0.2696391597704111,2.0,ipw,0.19878257885213482,0.24712449049578153,0.28543111977641367,0.2697119605966014,0.00338155071659782,0.01571915917981226,7.280082619032235e-05,-0.02087107563390292
risk_hard,0.1,2,60000,37746,4163,0.0993342718747763,0.195401028135537,0.26799556612968445,0.1873503178358078,0.2721756641569233,0.26596051101849394,0.2696391597704111,2.0,heckman,0.19703565684102328,0.22953819345910775,0.2828644527614237,0.26978969773081407,0.0016346287054862796,0.01307475503060962,0.0001505379604029855,-0.038457372670576695
risk_hard,0.1,3,60000,37782,4228,0.10064270411806713,0.19911061700944968,0.2962150275707245,0.18816107511520386,0.2834769853028485,0.2684334742180896,0.2748935195131683,2.0,none (biased baseline),0.18816107511520386,,0.2684334742180896,0.2748935195131683,-0.010949541894245823,-0.006460045295078709,0.0,
risk_hard,0.1,3,60000,37782,4228,0.10064270411806713,0.19911061700944968,0.2962150275707245,0.18816107511520386,0.2834769853028485,0.2684334742180896,0.2748935195131683,2.0,parcelling,0.21925731932824635,0.4607379375591296,0.33893036787807573,0.2768606977760044,0.020146702318796672,0.06206967010207132,0.0019671782628361,0.16452290998840513
risk_hard,0.1,3,60000,37782,4228,0.10064270411806713,0.19911061700944968,0.2962150275707245,0.18816107511520386,0.2834769853028485,0.2684334742180896,0.2748935195131683,2.0,fuzzy,0.21940599255948243,0.46221517560175646,0.3409286388787489,0.27768568225171775,0.020295375550032746,0.06324295662703117,0.0027921627385494308,0.16600014803103197
risk_hard,0.1,3,60000,37782,4228,0.10064270411806713,0.19911061700944968,0.2962150275707245,0.18816107511520386,0.2834769853028485,0.2684334742180896,0.2748935195131683,2.0,ipw,0.19273301510444787,0.1971887368869975,0.2844798431940547,0.274731746833371,-0.006377601905001806,0.009748096360683745,-0.000161772679797334,-0.09902629068372698
risk_hard,0.1,3,60000,37782,4228,0.10064270411806713,0.19911061700944968,0.2962150275707245,0.18816107511520386,0.2834769853028485,0.2684334742180896,0.2748935195131683,2.0,heckman,0.19497060179868314,0.2194217115853948,0.27849452754774573,0.274053867182789,-0.00414001521076654,0.004440660364956717,-0.0008396523303793035,-0.07679331598532968
risk_hard,0.1,4,60000,37696,4169,0.09958198972889049,0.20612076095947063,0.2681199014186859,0.19914110004901886,0.2835210340659744,0.2725294787158814,0.276387001438569,2.0,none (biased baseline),0.19914110004901886,,0.2725294787158814,0.276387001438569,-0.006979660910451768,-0.0038575227226875786,0.0,
risk_hard,0.1,4,60000,37696,4169,0.09958198972889049,0.20612076095947063,0.2681199014186859,0.19914110004901886,0.2835210340659744,0.2725294787158814,0.276387001438569,2.0,parcelling,0.21648155393729168,0.45358599184456705,0.35423041157547486,0.2683783216384812,0.010360792977821054,0.08585208993699367,-0.008008679800087792,0.18546609042588114
risk_hard,0.1,4,60000,37696,4169,0.09958198972889049,0.20612076095947063,0.2681199014186859,0.19914110004901886,0.2835210340659744,0.2725294787158814,0.276387001438569,2.0,fuzzy,0.21809108633573226,0.4697488783546927,0.360864231028053,0.2616227267488882,0.011970325376261637,0.09924150427916478,-0.014764274689680779,0.2016289769360068
risk_hard,0.1,4,60000,37696,4169,0.09958198972889049,0.20612076095947063,0.2681199014186859,0.19914110004901886,0.2835210340659744,0.2725294787158814,0.276387001438569,2.0,ipw,0.195560659373185,0.24349886041584892,0.291040288945982,0.27558318823704164,-0.01056010158628562,0.015457100708940352,-0.0008038132015273369,-0.02462104100283699
risk_hard,0.1,4,60000,37696,4169,0.09958198972889049,0.20612076095947063,0.2681199014186859,0.19914110004901886,0.2835210340659744,0.2725294787158814,0.276387001438569,2.0,heckman,0.1933723606819008,0.22152401639795175,0.28207792073119275,0.27555657904326036,-0.012748400277569821,0.0065213416879323916,-0.0008304223953086165,-0.04659588502073417
risk_hard,0.3,0,60000,29513,12514,0.29776096319033,0.20180270405608414,0.2500457167625427,0.1807132512331009,0.2840796893629425,0.2673020682364282,0.28135947031401765,2.0,none (biased baseline),0.1807132512331009,,0.2673020682364282,0.28135947031401765,-0.021089452822983246,-0.014057402077589431,0.0,
risk_hard,0.3,0,60000,29513,12514,0.29776096319033,0.20180270405608414,0.2500457167625427,0.1807132512331009,0.2840796893629425,0.2673020682364282,0.28135947031401765,2.0,parcelling,0.2570490418682546,0.4479782643439348,0.4195186538864131,0.24363623336923745,0.055246337812170476,0.17588242051717562,-0.03772323694478019,0.19793254758139206
risk_hard,0.3,0,60000,29513,12514,0.29776096319033,0.20180270405608414,0.2500457167625427,0.1807132512331009,0.2840796893629425,0.2673020682364282,0.28135947031401765,2.0,fuzzy,0.25825134257055693,0.45201606933160143,0.4267227040449322,0.24541235819416096,0.05644863851447279,0.18131034585077122,-0.03594711211985668,0.2019703525690587
risk_hard,0.3,0,60000,29513,12514,0.29776096319033,0.20180270405608414,0.2500457167625427,0.1807132512331009,0.2840796893629425,0.2673020682364282,0.28135947031401765,2.0,ipw,0.17873812393262478,0.184978987687333,0.26474140025178183,0.2830706170717774,-0.023064580123459355,-0.018329216819995553,0.0017111467577597406,-0.06506672907520972
risk_hard,0.3,0,60000,29513,12514,0.29776096319033,0.20180270405608414,0.2500457167625427,0.1807132512331009,0.2840796893629425,0.2673020682364282,0.28135947031401765,2.0,heckman,0.18816930174705906,0.2166526419950867,0.25341799888775607,0.2809531892315449,-0.013633402309025072,-0.027535190343788818,-0.0004062810824727592,-0.03339307476745604
risk_hard,0.3,1,60000,29369,12647,0.30100437928408225,0.19539590747330962,0.23643769323825836,0.17777954041957855,0.27115963040915614,0.2661676230411665,0.27089379671559577,2.0,none (biased baseline),0.17777954041957855,,0.2661676230411665,0.27089379671559577,-0.01761636705373107,-0.00472617367442929,0.0,
risk_hard,0.3,1,60000,29369,12647,0.30100437928408225,0.19539590747330962,0.23643769323825836,0.17777954041957855,0.27115963040915614,0.2661676230411665,0.27089379671559577,2.0,parcelling,0.2542364865265537,0.44097414406578633,0.42827467895859694,0.23532771864462365,0.05884057905324405,0.1929469603139733,-0.03556607807097212,0.20453645082752797
risk_hard,0.3,1,60000,29369,12647,0.30100437928408225,0.19539590747330962,0.23643769323825836,0.17777954041957855,0.27115963040915614,0.2661676230411665,0.27089379671559577,2.0,fuzzy,0.255682325062362,0.4457775244659225,0.43109813976590594,0.23968930281441114,0.06028641758905237,0.1914088369514948,-0.031204493901184627,0.20933983122766414
risk_hard,0.3,1,60000,29369,12647,0.30100437928408225,0.19539590747330962,0.23643769323825836,0.17777954041957855,0.27115963040915614,0.2661676230411665,0.27089379671559577,2.0,ipw,0.17628198601072903,0.18199286046707602,0.27814878813535704,0.26905473180827877,-0.01911392146258059,0.00909405632707827,-0.0018390649073170007,-0.05444483277118234
risk_hard,0.3,1,60000,29369,12647,0.30100437928408225,0.19539590747330962,0.23643769323825836,0.17777954041957855,0.27115963040915614,0.2661676230411665,0.27089379671559577,2.0,heckman,0.18550912757941732,0.21264736984874816,0.26363591047597223,0.2699240357161541,-0.009886779893892306,-0.006288125240181852,-0.0009697609994416823,-0.023790323389510204
risk_hard,0.3,2,60000,29396,12513,0.29857548497936004,0.195401028135537,0.24511970579624176,0.17407788336277008,0.2721756641569233,0.261856349926334,0.26742260199403534,2.0,none (biased baseline),0.17407788336277008,,0.261856349926334,0.26742260199403534,-0.021323144772766922,-0.005566252067701338,0.0,
risk_hard,0.3,2,60000,29396,12513,0.29857548497936004,0.195401028135537,0.24511970579624176,0.17407788336277008,0.2721756641569233,0.261856349926334,0.26742260199403534,2.0,parcelling,0.2615905854784429,0.4576040917445856,0.4337905915138527,0.24112144755872356,0.06618955734290588,0.19266914395512913,-0.02630115443531178,0.21248438594834385
risk_hard,0.3,2,60000,29396,12513,0.29857548497936004,0.195401028135537,0.24511970579624176,0.17407788336277008,0.2721756641569233,0.261856349926334,0.26742260199403534,2.0,fuzzy,0.25926860348606845,0.4498272242213362,0.4317666724184488,0.24578592825717638,0.06386757535053145,0.18598074416127242,-0.021636673736858958,0.20470751842509444
risk_hard,0.3,2,60000,29396,12513,0.29857548497936004,0.195401028135537,0.24511970579624176,0.17407788336277008,0.2721756641569233,0.261856349926334,0.26742260199403534,2.0,ipw,0.18692697593399665,0.20753798350529873,0.2867706135592889,0.26697425307246303,-0.00847405220154035,0.01979636048682587,-0.00044834892157230577,-0.03758172229094303
risk_hard,0.3,2,60000,29396,12513,0.29857548497936004,0.195401028135537,0.24511970579624176,0.17407788336277008,0.2721756641569233,0.261856349926334,0.26742260199403534,2.0,heckman,0.190930157437819,0.2209455862898979,0.2730109358772692,0.2670093513885603,-0.00447087069771801,0.006001584488708911,-0.0004132506054750351,-0.02417411950634385
risk_hard,0.3,3,60000,29382,12628,0.3005950964056177,0.19911061700944968,0.26032447814941406,0.17268820106983185,0.2834769853028485,0.26357744825641904,0.27227905676820163,2.0,none (biased baseline),0.17268820106983185,,0.26357744825641904,0.27227905676820163,-0.026422415939617833,-0.008701608511782588,0.0,
risk_hard,0.3,3,60000,29382,12628,0.3005950964056177,0.19911061700944968,0.26032447814941406,0.17268820106983185,0.2834769853028485,0.26357744825641904,0.27227905676820163,2.0,parcelling,0.2601523442293627,0.4505859993664872,0.4317089103533911,0.2629766723369453,0.061041727219912995,0.16873223801644577,-0.009302384431256305,0.19026152121707313
risk_hard,0.3,3,60000,29382,12628,0.3005950964056177,0.19911061700944968,0.26032447814941406,0.17268820106983185,0.2834769853028485,0.26357744825641904,0.27227905676820163,2.0,fuzzy,0.26228860451986896,0.45769276962339006,0.4391588806499118,0.26153732370285,0.06317798751041928,0.17762155694706183,-0.010741733065351644,0.197368291473976
risk_hard,0.3,3,60000,29382,12628,0.3005950964056177,0.19911061700944968,0.26032447814941406,0.17268820106983185,0.2834769853028485,0.26357744825641904,0.27227905676820163,2.0,ipw,0.18131027045610623,0.18829937288450246,0.2833116392723909,0.2739504946535378,-0.01780034655334345,0.009361144618853068,0.001671437885336191,-0.0720251052649116
risk_hard,0.3,3,60000,29382,12628,0.3005950964056177,0.19911061700944968,0.26032447814941406,0.17268820106983185,0.2834769853028485,0.26357744825641904,0.27227905676820163,2.0,heckman,0.19069178038850107,0.21950916321233804,0.2682460146093941,0.2712351782975584,-0.008418836620948611,-0.0029891636881642647,-0.0010438784706432447,-0.04081531493707602
risk_hard,0.3,4,60000,29339,12526,0.29919980890959036,0.20612076095947063,0.26200953125953674,0.18208342790603638,0.2835210340659744,0.2674157127903909,0.2760468980350932,2.0,none (biased baseline),0.18208342790603638,,0.2674157127903909,0.2760468980350932,-0.02403733305343425,-0.0086311852447023,0.0,
risk_hard,0.3,4,60000,29339,12526,0.29919980890959036,0.20612076095947063,0.26200953125953674,0.18208342790603638,0.2835210340659744,0.2674157127903909,0.2760468980350932,2.0,parcelling,0.25861698331676847,0.45002395018361807,0.42883300991863615,0.2589480382278977,0.05249622235729784,0.16988497169073846,-0.0170988598071955,0.18801441892408133
risk_hard,0.3,4,60000,29339,12526,0.29919980890959036,0.20612076095947063,0.26200953125953674,0.18208342790603638,0.2835210340659744,0.2674157127903909,0.2760468980350932,2.0,fuzzy,0.25851511578239106,0.4496834836079588,0.4264920042812388,0.26114651137303335,0.05239435482292043,0.16534549290820544,-0.014900386662059839,0.18767395234842205
risk_hard,0.3,4,60000,29339,12526,0.29919980890959036,0.20612076095947063,0.26200953125953674,0.18208342790603638,0.2835210340659744,0.2674157127903909,0.2760468980350932,2.0,ipw,0.18558138026359017,0.20592084290106108,0.2894801899847832,0.27652807476202335,-0.02053938069588046,0.012952115222759852,0.0004811767269301548,-0.056088688358475663
risk_hard,0.3,4,60000,29339,12526,0.29919980890959036,0.20612076095947063,0.26200953125953674,0.18208342790603638,0.2835210340659744,0.2674157127903909,0.2760468980350932,2.0,heckman,0.19015596797724432,0.22121025010464818,0.27082411574846255,0.27573966590522003,-0.015964792982226306,-0.004915550156757487,-0.0003072321298731584,-0.04079928115488857
risk_hard,0.5,0,60000,21030,20997,0.49960739524591335,0.20180270405608414,0.23842233419418335,0.16485972702503204,0.2840796893629425,0.2587867927267449,0.2695678249367488,2.0,none (biased baseline),0.16485972702503204,,0.2587867927267449,0.2695678249367488,-0.03694297703105209,-0.010781032210003927,0.0,
risk_hard,0.5,0,60000,21030,20997,0.49960739524591335,0.20180270405608414,0.23842233419418335,0.16485972702503204,0.2840796893629425,0.2587867927267449,0.2695678249367488,2.0,parcelling,0.2630451858216697,0.3707196266133257,0.39064745192591066,0.2488499497107044,0.061242481765585555,0.14179750221520626,-0.020717875226044402,0.13229729241914234
risk_hard,0.5,0,60000,21030,20997,0.49960739524591335,0.20180270405608414,0.23842233419418335,0.16485972702503204,0.2840796893629425,0.2587867927267449,0.2695678249367488,2.0,fuzzy,0.26655991877688984,0.3777546164646873,0.40306335993842746,0.24902476204401447,0.0647572147208057,0.154038597894413,-0.02054306289273433,0.13933228227050393
risk_hard,0.5,0,60000,21030,20997,0.49960739524591335,0.20180270405608414,0.23842233419418335,0.16485972702503204,0.2840796893629425,0.2587867927267449,0.2695678249367488,2.0,ipw,0.16110650062411708,0.16668204396830294,0.25747379014102534,0.2651302707427152,-0.04069620343196706,-0.007656480601689886,-0.004437554194033577,-0.07174029022588041
risk_hard,0.5,0,60000,21030,20997,0.49960739524591335,0.20180270405608414,0.23842233419418335,0.16485972702503204,0.2840796893629425,0.2587867927267449,0.2695678249367488,2.0,heckman,0.17115205859371052,0.18678894803974666,0.2349086056817029,0.2687349294990855,-0.030650645462373616,-0.0338263238173826,-0.0008328954376632947,-0.05163338615443669
risk_hard,0.5,1,60000,20981,21035,0.5006426123381569,0.19539590747330962,0.23292410373687744,0.158133864402771,0.27115963040915614,0.2539608496290766,0.2559037421249939,2.0,none (biased baseline),0.158133864402771,,0.2539608496290766,0.2559037421249939,-0.037262043070538625,-0.001942892495917281,0.0,
risk_hard,0.5,1,60000,20981,21035,0.5006426123381569,0.19539590747330962,0.23292410373687744,0.158133864402771,0.27115963040915614,0.2539608496290766,0.2559037421249939,2.0,parcelling,0.262590441030719,0.36938435940099834,0.3973032796052487,0.2484188824718896,0.06719453355740937,0.1488843971333591,-0.007484859653104303,0.1364602556641209
risk_hard,0.5,1,60000,20981,21035,0.5006426123381569,0.19539590747330962,0.23292410373687744,0.158133864402771,0.27115963040915614,0.2539608496290766,0.2559037421249939,2.0,fuzzy,0.26323784215788326,0.370677499679531,0.40572893858359826,0.25092710410210284,0.06784193468457364,0.15480183448149543,-0.004976638022891056,0.13775339594265357
risk_hard,0.5,1,60000,20981,21035,0.5006426123381569,0.19539590747330962,0.23292410373687744,0.158133864402771,0.27115963040915614,0.2539608496290766,0.2559037421249939,2.0,ipw,0.16105903410171699,0.16658219189308543,0.27904093112522377,0.25856190206102214,-0.034336873371592636,0.020479029064201626,0.002658159936028248,-0.06634191184379201
risk_hard,0.5,1,60000,20981,21035,0.5006426123381569,0.19539590747330962,0.23292410373687744,0.158133864402771,0.27115963040915614,0.2539608496290766,0.2559037421249939,2.0,heckman,0.16951267374029175,0.18346776940933723,0.24995460376440803,0.25512962465470346,-0.025883233733017874,-0.005175020890295423,-0.0007741174702904363,-0.04945633432754021
risk_hard,0.5,2,60000,20921,20988,0.5007993509747309,0.195401028135537,0.23134741187095642,0.1594427227973938,0.2721756641569233,0.2551578696167627,0.24955122352418968,2.0,none (biased baseline),0.1594427227973938,,0.2551578696167627,0.24955122352418968,-0.035958305338143204,0.005606646092572998,0.0,
risk_hard,0.5,2,60000,20921,20988,0.5007993509747309,0.195401028135537,0.23134741187095642,0.1594427227973938,0.2721756641569233,0.2551578696167627,0.24955122352418968,2.0,parcelling,0.2722804171023581,0.3869353916523728,0.41859564380582714,0.24383315201146782,0.07687938896682112,0.17476249179435932,-0.005718071512721856,0.15558797978141636
risk_hard,0.5,2,60000,20921,20988,0.5007993509747309,0.195401028135537,0.23134741187095642,0.1594427227973938,0.2721756641569233,0.2551578696167627,0.24955122352418968,2.0,fuzzy,0.2722103582864567,0.3867954976693533,0.4203874883957919,0.24527472886259316,0.07680933015091967,0.17511275953319871,-0.004276494661596519,0.15544808579839686
risk_hard,0.5,2,60000,20921,20988,0.5007993509747309,0.195401028135537,0.23134741187095642,0.1594427227973938,0.2721756641569233,0.2551578696167627,0.24955122352418968,2.0,ipw,0.15815810721839765,0.15905508457561943,0.28171379113789285,0.248917082851849,-0.03724292091713935,0.03279670828604386,-0.0006341406723406884,-0.072292327295337
risk_hard,0.5,2,60000,20921,20988,0.5007993509747309,0.195401028135537,0.23134741187095642,0.1594427227973938,0.2721756641569233,0.2551578696167627,0.24955122352418968,2.0,heckman,0.17345503259327316,0.18960010294495705,0.2564900061856432,0.2487458279451782,-0.02194599554226384,0.007744178240465027,-0.000805395579011492,-0.04174730892599937
risk_hard,0.5,3,60000,21113,20897,0.49742918352773147,0.19911061700944968,0.2453683316707611,0.1520959436893463,0.2834769853028485,0.2503520216098165,0.25662256544614603,2.0,none (biased baseline),0.1520959436893463,,0.2503520216098165,0.25662256544614603,-0.04701467332010337,-0.006270543836329523,0.0,
risk_hard,0.5,3,60000,21113,20897,0.49742918352773147,0.19911061700944968,0.2453683316707611,0.1520959436893463,0.2834769853028485,0.2503520216098165,0.25662256544614603,2.0,parcelling,0.2808378939918324,0.40565631430348853,0.42185998735454744,0.2608336929573527,0.08172727698238272,0.16102629439719474,0.004211127511206669,0.16028798263272742
risk_hard,0.5,3,60000,21113,20897,0.49742918352773147,0.19911061700944968,0.2453683316707611,0.1520959436893463,0.2834769853028485,0.2503520216098165,0.25662256544614603,2.0,fuzzy,0.28095532998522726,0.4058924001570808,0.43087897805647657,0.2638460285262454,0.08184471297577758,0.16703294953023118,0.007223463080099357,0.16052406848631967
risk_hard,0.5,3,60000,21113,20897,0.49742918352773147,0.19911061700944968,0.2453683316707611,0.1520959436893463,0.2834769853028485,0.2503520216098165,0.25662256544614603,2.0,ipw,0.16467760978072382,0.17213506533432205,0.2773879033709621,0.25504473443781306,-0.03443300722872586,0.022343168933149027,-0.001577831008332975,-0.07323326633643906
risk_hard,0.5,3,60000,21113,20897,0.49742918352773147,0.19911061700944968,0.2453683316707611,0.1520959436893463,0.2834769853028485,0.2503520216098165,0.25662256544614603,2.0,heckman,0.17856096066939425,0.2000452711453497,0.250674395841086,0.25527149520816494,-0.020549656340055428,-0.004597099367078972,-0.001351070237981089,-0.04532306052541141
risk_hard,0.5,4,60000,20966,20899,0.49919980890959037,0.20612076095947063,0.2512684762477875,0.160987988114357,0.2835210340659744,0.25617041463155577,0.263444638921974,2.0,none (biased baseline),0.160987988114357,,0.25617041463155577,0.263444638921974,-0.04513277284511363,-0.007274224290418241,0.0,
risk_hard,0.5,4,60000,20966,20899,0.49919980890959037,0.20612076095947063,0.2512684762477875,0.160987988114357,0.2835210340659744,0.25617041463155577,0.263444638921974,2.0,parcelling,0.2788009044112633,0.3997320445954352,0.4275213455987408,0.2664653956168339,0.07268014345179269,0.16105594998190687,0.003020756694859905,0.14846356834764773
risk_hard,0.5,4,60000,20966,20899,0.49919980890959037,0.20612076095947063,0.2512684762477875,0.160987988114357,0.2835210340659744,0.25617041463155577,0.263444638921974,2.0,fuzzy,0.2792519358127386,0.40063555335770923,0.4291672866044012,0.266114161691658,0.07313117485326798,0.16305312491274315,0.0026695227696840185,0.14936707710992175
risk_hard,0.5,4,60000,20966,20899,0.49919980890959037,0.20612076095947063,0.2512684762477875,0.160987988114357,0.2835210340659744,0.25617041463155577,0.263444638921974,2.0,ipw,0.1595679237547633,0.1608838348636599,0.2827626131562635,0.26277015532150605,-0.04655283720470732,0.01999245783475745,-0.0006744836004679566,-0.09038464138412758
risk_hard,0.5,4,60000,20966,20899,0.49919980890959037,0.20612076095947063,0.2512684762477875,0.160987988114357,0.2835210340659744,0.25617041463155577,0.263444638921974,2.0,heckman,0.17573691463993832,0.19327365272134936,0.2571088704291864,0.2622371910086345,-0.03038384631953231,-0.00512832057944812,-0.0012074479133394878,-0.057994823526438116
risk_hard,0.7,0,60000,12609,29418,0.6999785851952316,0.20180270405608414,0.22791141271591187,0.140625,0.2840796893629425,0.237041904303809,0.23587478486225133,2.0,none (biased baseline),0.140625,,0.237041904303809,0.23587478486225133,-0.06117770405608414,0.0011671194415576736,0.0,
risk_hard,0.7,0,60000,12609,29418,0.6999785851952316,0.20180270405608414,0.22791141271591187,0.140625,0.2840796893629425,0.237041904303809,0.23587478486225133,2.0,parcelling,0.24948247777453259,0.30002039567611666,0.3328280295225654,0.2557898033134469,0.04767977371844845,0.07703822620911849,0.019915018451195587,0.07210898296020479
risk_hard,0.7,0,60000,12609,29418,0.6999785851952316,0.20180270405608414,0.22791141271591187,0.140625,0.2840796893629425,0.237041904303809,0.23587478486225133,2.0,fuzzy,0.25070005222290487,0.3017598409593359,0.33947292081149927,0.254725516000998,0.04889734816682073,0.08474740481050125,0.01885073113874669,0.07384842824342402
risk_hard,0.7,0,60000,12609,29418,0.6999785851952316,0.20180270405608414,0.22791141271591187,0.140625,0.2840796893629425,0.237041904303809,0.23587478486225133,2.0,ipw,0.13402217517911125,0.1350720600592232,0.2542673338131318,0.23644034965387895,-0.06778052887697289,0.01782698415925288,0.0005655647916276152,-0.09283935265668866
risk_hard,0.7,0,60000,12609,29418,0.6999785851952316,0.20180270405608414,0.22791141271591187,0.140625,0.2840796893629425,0.237041904303809,0.23587478486225133,2.0,heckman,0.14470715136599915,0.15033677874187795,0.22711889973104205,0.2354214566610513,-0.05709555269008498,-0.008302556930009253,-0.0004533282012000317,-0.07757463397403391
risk_hard,0.7,1,60000,12644,29372,0.699067022086824,0.19539590747330962,0.2215796560049057,0.13374370336532593,0.27115963040915614,0.24073203137294485,0.22535147198745742,2.0,none (biased baseline),0.13374370336532593,,0.24073203137294485,0.22535147198745742,-0.061652204107983694,0.015380559385487436,0.0,
risk_hard,0.7,1,60000,12644,29372,0.699067022086824,0.19539590747330962,0.2215796560049057,0.13374370336532593,0.27115963040915614,0.24073203137294485,0.22535147198745742,2.0,parcelling,0.2692307710224835,0.32571837123791364,0.37248721112131133,0.25232805573047923,0.07383486354917387,0.1201591553908321,0.02697658374302181,0.10413871523300794
risk_hard,0.7,1,60000,12644,29372,0.699067022086824,0.19539590747330962,0.2215796560049057,0.13374370336532593,0.27115963040915614,0.24073203137294485,0.22535147198745742,2.0,fuzzy,0.2686874912213385,0.324941221431128,0.380318001972733,0.24995799210109904,0.07329158374802888,0.130360009871634,0.024606520113641617,0.10336156542622232
risk_hard,0.7,1,60000,12644,29372,0.699067022086824,0.19539590747330962,0.2215796560049057,0.13374370336532593,0.27115963040915614,0.24073203137294485,0.22535147198745742,2.0,ipw,0.14126898562178808,0.142671851579885,0.3004016481456975,0.23001216577072103,-0.05412692185152154,0.07038948237497644,0.004660693783263614,-0.07890780442502071
risk_hard,0.7,1,60000,12644,29372,0.699067022086824,0.19539590747330962,0.2215796560049057,0.13374370336532593,0.27115963040915614,0.24073203137294485,0.22535147198745742,2.0,heckman,0.1540543176042708,0.1609609877836162,0.26300782180145954,0.22494338963624227,-0.041341589869038825,0.038064432165217266,-0.00040808235121514436,-0.0606186682212895
risk_hard,0.7,2,60000,12601,29308,0.6993247273855258,0.195401028135537,0.22095133364200592,0.13557443022727966,0.2721756641569233,0.2444392044528283,0.22688781715293183,2.0,none (biased baseline),0.13557443022727966,,0.2444392044528283,0.22688781715293183,-0.05982659790825734,0.01755138729989647,0.0,
risk_hard,0.7,2,60000,12601,29308,0.6993247273855258,0.195401028135537,0.22095133364200592,0.13557443022727966,0.2721756641569233,0.2444392044528283,0.22688781715293183,2.0,parcelling,0.281132929743356,0.3442404804149038,0.388034362448332,0.24251301999826658,0.08573190160781902,0.14552134245006543,0.01562520284533475,0.12328914677289787
risk_hard,0.7,2,60000,12601,29308,0.6993247273855258,0.195401028135537,0.22095133364200592,0.13557443022727966,0.2721756641569233,0.2444392044528283,0.22688781715293183,2.0,fuzzy,0.2776626011105624,0.339278080978854,0.38373938921593354,0.24063265589307736,0.0822615729750254,0.14310673332285617,0.013744838740145537,0.11832674733684806
risk_hard,0.7,2,60000,12601,29308,0.6993247273855258,0.195401028135537,0.22095133364200592,0.13557443022727966,0.2721756641569233,0.2444392044528283,0.22688781715293183,2.0,ipw,0.143856131694477,0.1479414040729333,0.29704869893195696,0.2179347925370796,-0.05154489644106,0.07911390639487736,-0.008953024615852234,-0.07300992956907262
risk_hard,0.7,2,60000,12601,29308,0.6993247273855258,0.195401028135537,0.22095133364200592,0.13557443022727966,0.2721756641569233,0.2444392044528283,0.22688781715293183,2.0,heckman,0.15880048613068812,0.16931109665063124,0.2574762915629809,0.22683981447255563,-0.036600542004848885,0.030636477090425274,-4.8002680376191265e-05,-0.05164023699137468
risk_hard,0.7,3,60000,12691,29319,0.6979052606522257,0.19911061700944968,0.2279915064573288,0.12956999242305756,0.2834769853028485,0.2570519061527594,0.2247538513097289,2.0,none (biased baseline),0.12956999242305756,,0.2570519061527594,0.2247538513097289,-0.06954062458639212,0.0322980548430305,0.0,
risk_hard,0.7,3,60000,12691,29319,0.6979052606522257,0.19911061700944968,0.2279915064573288,0.12956999242305756,0.2834769853028485,0.2570519061527594,0.2247538513097289,2.0,parcelling,0.2697214955678159,0.3285241652170947,0.36355370242554974,0.2470683085673291,0.0706108785583662,0.11648539385822065,0.022314457257600173,0.10053265875976591
risk_hard,0.7,3,60000,12691,29319,0.6979052606522257,0.19911061700944968,0.2279915064573288,0.12956999242305756,0.2834769853028485,0.2570519061527594,0.2247538513097289,2.0,fuzzy,0.2716598488372451,0.3313015526057751,0.36831779953935717,0.24822451141511737,0.07254923182779541,0.1200932881242398,0.023470660105388452,0.1033100461484463
risk_hard,0.7,3,60000,12691,29319,0.6979052606522257,0.19911061700944968,0.2279915064573288,0.12956999242305756,0.2834769853028485,0.2570519061527594,0.2247538513097289,2.0,ipw,0.13824898042996742,0.14014255735389977,0.2717921983660343,0.22583586232724473,-0.060861636579482264,0.04595633603878957,0.001082011017515816,-0.08784894910342902
risk_hard,0.7,3,60000,12691,29319,0.6979052606522257,0.19911061700944968,0.2279915064573288,0.12956999242305756,0.2834769853028485,0.2570519061527594,0.2247538513097289,2.0,heckman,0.15313688759743452,0.16147483267383878,0.2404360346365655,0.22304288578434162,-0.04597372941201516,0.017393148852223872,-0.001710965525387298,-0.06651667378349002
risk_hard,0.7,4,60000,12615,29250,0.6986743102830527,0.20612076095947063,0.23697017133235931,0.13327154517173767,0.2835210340659744,0.2619962736954067,0.23015464215409898,2.0,none (biased baseline),0.13327154517173767,,0.2619962736954067,0.23015464215409898,-0.07284921578773296,0.0318416315413077,0.0,
risk_hard,0.7,4,60000,12615,29250,0.6986743102830527,0.20612076095947063,0.23697017133235931,0.13327154517173767,0.2835210340659744,0.2619962736954067,0.23015464215409898,2.0,parcelling,0.26931804684090327,0.3278632478632479,0.3776690555077562,0.25936051789518455,0.06319728588143264,0.11830853761257165,0.029205875741085574,0.09089307653088857
risk_hard,0.7,4,60000,12615,29250,0.6986743102830527,0.20612076095947063,0.23697017133235931,0.13327154517173767,0.2835210340659744,0.2619962736954067,0.23015464215409898,2.0,fuzzy,0.26749896774549364,0.32525963260412566,0.37923307054829314,0.2607480424125277,0.061378206786023015,0.11848502813576545,0.030593400258428716,0.08828946127176635
risk_hard,0.7,4,60000,12615,29250,0.6986743102830527,0.20612076095947063,0.23697017133235931,0.13327154517173767,0.2835210340659744,0.2619962736954067,0.23015464215409898,2.0,ipw,0.1396700769529316,0.14230043557743816,0.28628658390183825,0.20449356813791342,-0.06645068400653903,0.08179301576392484,-0.02566107401618556,-0.09466973575492116
risk_hard,0.7,4,60000,12615,29250,0.6986743102830527,0.20612076095947063,0.23697017133235931,0.13327154517173767,0.2835210340659744,0.2619962736954067,0.23015464215409898,2.0,heckman,0.15412257153708242,0.16298603167198428,0.25928777754394106,0.23030972618433498,-0.05199818942238821,0.028978051359606072,0.00015508403023600792,-0.07398413966037504
risk_soft,0.1,0,60000,37907,4120,0.09803221738406262,0.20180270405608414,0.2442910224199295,0.19683033227920532,0.2840796893629425,0.28359234767950214,0.2822853260920746,2.0,none (biased baseline),0.19683033227920532,,0.28359234767950214,0.2822853260920746,-0.0049723717768788145,0.0013070215874275704,0.0,
risk_soft,0.1,0,60000,37907,4120,0.09803221738406262,0.20180270405608414,0.2442910224199295,0.19683033227920532,0.2840796893629425,0.28359234767950214,0.2822853260920746,2.0,parcelling,0.221809785450288,0.47815533980582525,0.3261451466778249,0.2741775777352742,0.020007081394203874,0.051967568942550724,-0.008107748356800393,0.23386431738589575
risk_soft,0.1,0,60000,37907,4120,0.09803221738406262,0.20180270405608414,0.2442910224199295,0.19683033227920532,0.2840796893629425,0.28359234767950214,0.2822853260920746,2.0,fuzzy,0.2222629848365455,0.4827783035452045,0.3254298227227528,0.2742215306603266,0.02046028078046136,0.051208292062426164,-0.008063795431747955,0.238487281125275
risk_soft,0.1,0,60000,37907,4120,0.09803221738406262,0.20180270405608414,0.2442910224199295,0.19683033227920532,0.2840796893629425,0.28359234767950214,0.2822853260920746,2.0,ipw,0.19896173683206442,0.24508860697133913,0.2831459714058058,0.28160135554126464,-0.0028409672240197192,0.0015446158645411323,-0.0006839705508099314,0.0007975845514096302
risk_soft,0.1,0,60000,37907,4120,0.09803221738406262,0.20180270405608414,0.2442910224199295,0.19683033227920532,0.2840796893629425,0.28359234767950214,0.2822853260920746,2.0,heckman,0.18701358987383238,0.12320880789036387,0.2639398510367128,0.28223624180235674,-0.014789114182251761,-0.018296390765643933,-4.908428971783785e-05,-0.12108221452956563
risk_soft,0.1,1,60000,37878,4138,0.09848629093678599,0.19539590747330962,0.23439210653305054,0.19098898768424988,0.27115963040915614,0.26715918952492856,0.2715117022285032,2.0,none (biased baseline),0.19098898768424988,,0.26715918952492856,0.2715117022285032,-0.004406919789059743,-0.004352512703574618,0.0,
risk_soft,0.1,1,60000,37878,4138,0.09848629093678599,0.19539590747330962,0.23439210653305054,0.19098898768424988,0.27115963040915614,0.26715918952492856,0.2715117022285032,2.0,parcelling,0.21951161012811032,0.4681005316578057,0.32704673716159594,0.2629745801078438,0.024115702654800703,0.06407215705375213,-0.00853712212065938,0.23370842512475515
risk_soft,0.1,1,60000,37878,4138,0.09848629093678599,0.19539590747330962,0.23439210653305054,0.19098898768424988,0.27115963040915614,0.26715918952492856,0.2715117022285032,2.0,fuzzy,0.2198918902208067,0.47196178066088273,0.32982007075768616,0.26232831532985434,0.02449598274749709,0.06749175542783181,-0.009183386898648838,0.2375696741278322
risk_soft,0.1,1,60000,37878,4138,0.09848629093678599,0.19539590747330962,0.23439210653305054,0.19098898768424988,0.27115963040915614,0.26715918952492856,0.2715117022285032,2.0,ipw,0.19715818534300464,0.24113061967834712,0.2898483907636149,0.27453310462366143,0.001762277869695017,0.015315286139953477,0.003021402395158246,0.006738513145296582
risk_soft,0.1,1,60000,37878,4138,0.09848629093678599,0.19539590747330962,0.23439210653305054,0.19098898768424988,0.27115963040915614,0.26715918952492856,0.2715117022285032,2.0,heckman,0.1851450758126943,0.11915314021350416,0.27368453342292054,0.2701560821576956,-0.010250831660615328,0.003528451265224941,-0.0013556200708075838,-0.11523896631954637
risk_soft,0.1,2,60000,37762,4147,0.09895249230475554,0.195401028135537,0.20856820046901703,0.1939694732427597,0.2721756641569233,0.2762442680165895,0.27104559943687234,2.0,none (biased baseline),0.1939694732427597,,0.2762442680165895,0.27104559943687234,-0.001431554892777298,0.0051986685797171805,0.0,
risk_soft,0.1,2,60000,37762,4147,0.09895249230475554,0.195401028135537,0.20856820046901703,0.1939694732427597,0.2721756641569233,0.2762442680165895,0.27104559943687234,2.0,parcelling,0.22539310739528431,0.4873402459609356,0.3384183908677505,0.268768328958676,0.029992079259747312,0.06965006190907452,-0.0022772704781963693,0.2787720454919186
risk_soft,0.1,2,60000,37762,4147,0.09895249230475554,0.195401028135537,0.20856820046901703,0.1939694732427597,0.2721756641569233,0.2762442680165895,0.27104559943687234,2.0,fuzzy,0.22551824652799304,0.48860488447376177,0.3373053020345569,0.26640541159286113,0.03011721839245604,0.07089989044169576,-0.004640187844011212,0.28003668400474474
risk_soft,0.1,2,60000,37762,4147,0.09895249230475554,0.195401028135537,0.20856820046901703,0.1939694732427597,0.2721756641569233,0.2762442680165895,0.27104559943687234,2.0,ipw,0.20183377284447662,0.24925291736440813,0.29404455144203157,0.2710955649798874,0.0064327447089396195,0.02294898646214416,4.996554301506251e-05,0.040684716895391104
risk_soft,0.1,2,60000,37762,4147,0.09895249230475554,0.195401028135537,0.20856820046901703,0.1939694732427597,0.2721756641569233,0.2762442680165895,0.27104559943687234,2.0,heckman,0.1884663753689891,0.11416387448999141,0.27807716050908704,0.2693783711194109,-0.006934652766547894,0.008698789389676165,-0.0016672283174614666,-0.09440432597902562
risk_soft,0.1,3,60000,37880,4130,0.0983099262080457,0.19911061700944968,0.25704988837242126,0.1924934983253479,0.2834769853028485,0.2838613463901085,0.2834238361280148,2.0,none (biased baseline),0.1924934983253479,,0.2838613463901085,0.2834238361280148,-0.00661711868410178,0.0004375102620937099,0.0,
risk_soft,0.1,3,60000,37880,4130,0.0983099262080457,0.19911061700944968,0.25704988837242126,0.1924934983253479,0.2834769853028485,0.2838613463901085,0.2834238361280148,2.0,parcelling,0.22282789922901292,0.47530266343825667,0.33377581018297087,0.28509039118722734,0.023717282219563235,0.048685418995743523,0.0016665550592125378,0.2182527750658354
risk_soft,0.1,3,60000,37880,4130,0.0983099262080457,0.19911061700944968,0.25704988837242126,0.1924934983253479,0.2834769853028485,0.2838613463901085,0.2834238361280148,2.0,fuzzy,0.2237344547648542,0.48452406732704456,0.3316689243174882,0.2839082047289938,0.024623837755404526,0.04776071958849437,0.0004843686009790016,0.2274741789546233
risk_soft,0.1,3,60000,37880,4130,0.0983099262080457,0.19911061700944968,0.25704988837242126,0.1924934983253479,0.2834769853028485,0.2838613463901085,0.2834238361280148,2.0,ipw,0.20022830158673774,0.2454215261617482,0.2890650681367426,0.2837491641066705,0.0011176845772880584,0.005315904030072094,0.0003253279786556984,-0.011628362210673066
risk_soft,0.1,3,60000,37880,4130,0.0983099262080457,0.19911061700944968,0.25704988837242126,0.1924934983253479,0.2834769853028485,0.2838613463901085,0.2834238361280148,2.0,heckman,0.19048801337472998,0.14634416350159177,0.27322006019689926,0.2808463239759784,-0.0086226036347197,-0.0076262637790791565,-0.0025775121520363875,-0.1107057248708295
risk_soft,0.1,4,60000,37728,4137,0.09881762809029022,0.20612076095947063,0.25425589084625244,0.20074781775474548,0.2835210340659744,0.27730054697914475,0.2789473373209219,2.0,none (biased baseline),0.20074781775474548,,0.27730054697914475,0.2789473373209219,-0.005372943204725145,-0.0016467903417771712,0.0,
risk_soft,0.1,4,60000,37728,4137,0.09881762809029022,0.20612076095947063,0.25425589084625244,0.20074781775474548,0.2835210340659744,0.27730054697914475,0.2789473373209219,2.0,parcelling,0.22042278378408156,0.4696640077350737,0.3305844129376325,0.2781106156821136,0.014302022824610933,0.05247379725551893,-0.0008367216388083243,0.21540811688882128
risk_soft,0.1,4,60000,37728,4137,0.09881762809029022,0.20612076095947063,0.25425589084625244,0.20074781775474548,0.2835210340659744,0.27730054697914475,0.2789473373209219,2.0,fuzzy,0.22115032091724882,0.4770264302828248,0.333810655576563,0.27944540493971437,0.015029559957778188,0.054365250636848605,0.0004980676187924526,0.22277053943657238
risk_soft,0.1,4,60000,37728,4137,0.09881762809029022,0.20612076095947063,0.25425589084625244,0.20074781775474548,0.2835210340659744,0.27730054697914475,0.2789473373209219,2.0,ipw,0.1978773678486559,0.2415122460390147,0.2913981173494755,0.278738050065644,-0.008243393110814734,0.012660067283831511,-0.00020928725527791237,-0.012743644807237747
risk_soft,0.1,4,60000,37728,4137,0.09881762809029022,0.20612076095947063,0.25425589084625244,0.20074781775474548,0.2835210340659744,0.27730054697914475,0.2789473373209219,2.0,heckman,0.1865160392054038,0.12653955480146353,0.27468485323122804,0.27598743614954846,-0.01960472175406683,-0.0013025829183204163,-0.002959901171373458,-0.1277163360447889
risk_soft,0.3,0,60000,29581,12446,0.29614295571894256,0.20180270405608414,0.24068553745746613,0.18524394929409027,0.2840796893629425,0.2757347756193065,0.2798866149063799,2.0,none (biased baseline),0.18524394929409027,,0.2757347756193065,0.2798866149063799,-0.016558754761993866,-0.004151839287073411,0.0,
risk_soft,0.3,0,60000,29581,12446,0.29614295571894256,0.20180270405608414,0.24068553745746613,0.18524394929409027,0.2840796893629425,0.2757347756193065,0.2798866149063799,2.0,parcelling,0.2624979221215524,0.4554073597943114,0.39094443582036953,0.2651341144615653,0.06069521806546824,0.1258103213588042,-0.014752500444814576,0.21472182233684528
risk_soft,0.3,0,60000,29581,12446,0.29614295571894256,0.20180270405608414,0.24068553745746613,0.18524394929409027,0.2840796893629425,0.2757347756193065,0.2798866149063799,2.0,fuzzy,0.2640378647365484,0.46060735724573654,0.3880448646690109,0.2619641034327831,0.06223516068046425,0.1260807612362278,-0.017922511473596803,0.2199218197882704
risk_soft,0.3,0,60000,29581,12446,0.29614295571894256,0.20180270405608414,0.24068553745746613,0.18524394929409027,0.2840796893629425,0.2757347756193065,0.2798866149063799,2.0,ipw,0.19766368817240504,0.23647851918842883,0.29158955352852844,0.27915140758329615,-0.004139015883679098,0.012438145945232293,-0.0007352073230837419,-0.004207018269037299
risk_soft,0.3,0,60000,29581,12446,0.29614295571894256,0.20180270405608414,0.24068553745746613,0.18524394929409027,0.2840796893629425,0.2757347756193065,0.2798866149063799,2.0,heckman,0.17879703449005657,0.17277059260092612,0.256524952910115,0.2785730239893027,-0.023005669566027565,-0.022048071079187714,-0.0013135909170771676,-0.06791494485654001
risk_soft,0.3,1,60000,29327,12689,0.30200399847677073,0.19539590747330962,0.23329579830169678,0.17944058775901794,0.27115963040915614,0.26622370314872135,0.2708188275626884,2.0,none (biased baseline),0.17944058775901794,,0.26622370314872135,0.2708188275626884,-0.015955319714291677,-0.004595124413967033,0.0,
risk_soft,0.3,1,60000,29327,12689,0.30200399847677073,0.19539590747330962,0.23329579830169678,0.17944058775901794,0.27115963040915614,0.26622370314872135,0.2708188275626884,2.0,parcelling,0.26468488509232646,0.462841831507605,0.40249106988743444,0.2500822851353004,0.06928897761901684,0.15240878475213404,-0.020736542427387983,0.22954603320590822
risk_soft,0.3,1,60000,29327,12689,0.30200399847677073,0.19539590747330962,0.23329579830169678,0.17944058775901794,0.27115963040915614,0.26622370314872135,0.2708188275626884,2.0,fuzzy,0.2651924267985488,0.46452241093298435,0.4070159815116412,0.2591777622455189,0.0697965193252392,0.14783821926612228,-0.011641065317169463,0.23122661263128758
risk_soft,0.3,1,60000,29327,12689,0.30200399847677073,0.19539590747330962,0.23329579830169678,0.17944058775901794,0.27115963040915614,0.26622370314872135,0.2708188275626884,2.0,ipw,0.19631803080261126,0.23646451652323472,0.3015675959167827,0.2693536840888002,0.0009221233293016384,0.0322139118279825,-0.001465143473888153,0.0031687182215379417
risk_soft,0.3,1,60000,29327,12689,0.30200399847677073,0.19539590747330962,0.23329579830169678,0.17944058775901794,0.27115963040915614,0.26622370314872135,0.2708188275626884,2.0,heckman,0.17882986631687134,0.17855745378914625,0.27241428904964926,0.2687102119707565,-0.016566041156438283,0.0037040770788927535,-0.0021086155919318728,-0.054738344512550524
risk_soft,0.3,2,60000,29393,12516,0.2986470686487389,0.195401028135537,0.23194828629493713,0.17978857457637787,0.2721756641569233,0.26917281257466064,0.26745667029310405,2.0,none (biased baseline),0.17978857457637787,,0.26917281257466064,0.26745667029310405,-0.015612453559159134,0.0017161422815565874,0.0,
risk_soft,0.3,2,60000,29393,12516,0.2986470686487389,0.195401028135537,0.23194828629493713,0.17978857457637787,0.2721756641569233,0.26917281257466064,0.26745667029310405,2.0,parcelling,0.27158844004092036,0.4805848513902205,0.4035095646034823,0.253787586390249,0.07618741190538336,0.1497219782132333,-0.01366908390285504,0.24863656509528337
risk_soft,0.3,2,60000,29393,12516,0.2986470686487389,0.195401028135537,0.23194828629493713,0.17978857457637787,0.2721756641569233,0.26917281257466064,0.26745667029310405,2.0,fuzzy,0.26984897707000577,0.4747603744288863,0.40454094139662744,0.25561314581581795,0.07444794893446877,0.14892779558080949,-0.011843524477286094,0.24281208813394917
risk_soft,0.3,2,60000,29393,12516,0.2986470686487389,0.195401028135537,0.23194828629493713,0.17978857457637787,0.2721756641569233,0.26917281257466064,0.26745667029310405,2.0,ipw,0.20035768154566233,0.24207335748020378,0.29680262375738975,0.26652650661368105,0.004956653410125328,0.030276117143708703,-0.0009301636794230017,0.010125071185266649
risk_soft,0.3,2,60000,29393,12516,0.2986470686487389,0.195401028135537,0.23194828629493713,0.17978857457637787,0.2721756641569233,0.26917281257466064,0.26745667029310405,2.0,heckman,0.1822454882780784,0.18142587364741578,0.2685907424569667,0.26595478886011303,-0.013155539857458598,0.0026359535968536463,-0.0015018814329910146,-0.05052241264752136
risk_soft,0.3,3,60000,29366,12644,0.30097595810521305,0.19911061700944968,0.24092835187911987,0.1810365468263626,0.2834769853028485,0.29267810667612615,0.2787753275291258,2.0,none (biased baseline),0.1810365468263626,,0.29267810667612615,0.2787753275291258,-0.01807407018308707,0.013902779147000333,0.0,
risk_soft,0.3,3,60000,29366,12644,0.30097595810521305,0.19911061700944968,0.24092835187911987,0.1810365468263626,0.2834769853028485,0.29267810667612615,0.2787753275291258,2.0,parcelling,0.26788859716329483,0.46298639670990194,0.39122506879130947,0.27872407723111836,0.06877798015384515,0.11250099156019111,-5.125029800745473e-05,0.22205804483078206
risk_soft,0.3,3,60000,29366,12644,0.30097595810521305,0.19911061700944968,0.24092835187911987,0.1810365468263626,0.2834769853028485,0.29267810667612615,0.2787753275291258,2.0,fuzzy,0.2698833677109056,0.46961407076124095,0.3964871777847254,0.27475712977869793,0.07077275070145592,0.12173004800602749,-0.004018197750427888,0.22868571888212108
risk_soft,0.3,3,60000,29366,12644,0.30097595810521305,0.19911061700944968,0.24092835187911987,0.1810365468263626,0.2834769853028485,0.29267810667612615,0.2787753275291258,2.0,ipw,0.2007571021566573,0.23994035865004412,0.28918350657647895,0.2789234205452582,0.0016464851472076103,0.01026008603122075,0.000148093016132389,-0.000987993229075751
risk_soft,0.3,3,60000,29366,12644,0.30097595810521305,0.19911061700944968,0.24092835187911987,0.1810365468263626,0.2834769853028485,0.29267810667612615,0.2787753275291258,2.0,heckman,0.18304277969898416,0.18108408797250153,0.26542132787302886,0.2747975293519853,-0.016067837310465516,-0.009376201478956459,-0.003977798177140501,-0.059844263906618345
risk_soft,0.3,4,60000,29365,12500,0.2985787650782276,0.20612076095947063,0.24546115100383759,0.18896016478538513,0.2835210340659744,0.2723575166238823,0.27217518601257273,2.0,none (biased baseline),0.18896016478538513,,0.2723575166238823,0.27217518601257273,-0.017160596174085496,0.00018233061130956685,0.0,
risk_soft,0.3,4,60000,29365,12500,0.2985787650782276,0.20612076095947063,0.24546115100383759,0.18896016478538513,0.2835210340659744,0.2723575166238823,0.27217518601257273,2.0,parcelling,0.26628449013102773,0.46264,0.3854551468088734,0.2720842093276894,0.0601637291715571,0.11337093748118399,-9.09766848833371e-05,0.2171788489961624
risk_soft,0.3,4,60000,29365,12500,0.2985787650782276,0.20612076095947063,0.24546115100383759,0.18896016478538513,0.2835210340659744,0.2723575166238823,0.27217518601257273,2.0,fuzzy,0.2660404669355044,0.4618227175135534,0.3879891462630005,0.2719321355554092,0.0599197059760338,0.11605701070759133,-0.00024305045716355167,0.21636156650971583
risk_soft,0.3,4,60000,29365,12500,0.2985787650782276,0.20612076095947063,0.24546115100383759,0.18896016478538513,0.2835210340659744,0.2723575166238823,0.27217518601257273,2.0,ipw,0.19855834034742184,0.23581157914474718,0.2886846382270911,0.2683255120513819,-0.007562420612048787,0.02035912617570923,-0.003849673961190847,-0.009649571859090406
risk_soft,0.3,4,60000,29365,12500,0.2985787650782276,0.20612076095947063,0.24546115100383759,0.18896016478538513,0.2835210340659744,0.2723575166238823,0.27217518601257273,2.0,heckman,0.18584248334057343,0.19322363085741054,0.2706653885078738,0.2698471417024675,-0.020278277618897195,0.0008182468054063197,-0.0023280443101052484,-0.05223752014642705
risk_soft,0.5,0,60000,21042,20985,0.4993218645156685,0.20180270405608414,0.22983020544052124,0.17362195253372192,0.2840796893629425,0.28316832318963225,0.2756453209968408,2.0,none (biased baseline),0.17362195253372192,,0.28316832318963225,0.2756453209968408,-0.028180751522362213,0.00752300219279145,0.0,
risk_soft,0.5,0,60000,21042,20985,0.4993218645156685,0.20180270405608414,0.22983020544052124,0.17362195253372192,0.2840796893629425,0.28316832318963225,0.2756453209968408,2.0,parcelling,0.30518476161861596,0.44384083869430546,0.4224838492182774,0.26030698014346365,0.10338205756253183,0.16217686907481377,-0.015338340853377153,0.21401063325378422
risk_soft,0.5,0,60000,21042,20985,0.4993218645156685,0.20180270405608414,0.22983020544052124,0.17362195253372192,0.2840796893629425,0.28316832318963225,0.2756453209968408,2.0,fuzzy,0.30671178291463685,0.4468990290211041,0.4144808885347053,0.25902137149961657,0.10490907885855272,0.15545951703508876,-0.016623949497224233,0.21706882358058288
risk_soft,0.5,0,60000,21042,20985,0.4993218645156685,0.20180270405608414,0.22983020544052124,0.17362195253372192,0.2840796893629425,0.28316832318963225,0.2756453209968408,2.0,ipw,0.20056067398170596,0.23430848076643243,0.3065276087679003,0.2620268905802021,-0.0012420300743781754,0.044500718187698185,-0.013618430416638683,0.004478275325911191
risk_soft,0.5,0,60000,21042,20985,0.4993218645156685,0.20180270405608414,0.22983020544052124,0.17362195253372192,0.2840796893629425,0.28316832318963225,0.2756453209968408,2.0,heckman,0.17107240970973586,0.17525185543604943,0.25079556234561196,0.2732091335523563,-0.030730294346348275,-0.022413571206744365,-0.0024361874444844833,-0.05457835000447181
risk_soft,0.5,1,60000,20847,21169,0.5038318735719726,0.19539590747330962,0.22259284555912018,0.16818687319755554,0.27115963040915614,0.2731574346478065,0.26776515224520026,2.0,none (biased baseline),0.16818687319755554,,0.2731574346478065,0.26776515224520026,-0.02720903427575408,0.005392282402606252,0.0,
risk_soft,0.5,1,60000,20847,21169,0.5038318735719726,0.19539590747330962,0.22259284555912018,0.16818687319755554,0.27115963040915614,0.2731574346478065,0.26776515224520026,2.0,parcelling,0.3050504543322726,0.44291180499787425,0.42688287857697205,0.253237518875038,0.109654546858963,0.17364535970193407,-0.014527633370162274,0.22031895943875407
risk_soft,0.5,1,60000,20847,21169,0.5038318735719726,0.19539590747330962,0.22259284555912018,0.16818687319755554,0.27115963040915614,0.2731574346478065,0.26776515224520026,2.0,fuzzy,0.3068734489205932,0.4465300647466993,0.4302840224336073,0.2587093033729433,0.11147754144728358,0.17157471906066402,-0.009055848872256966,0.22393721918757914
risk_soft,0.5,1,60000,20847,21169,0.5038318735719726,0.19539590747330962,0.22259284555912018,0.16818687319755554,0.27115963040915614,0.2731574346478065,0.26776515224520026,2.0,ipw,0.19835330555177896,0.23114046940520466,0.3175261796546023,0.26112593755691016,0.002957398078469342,0.05640024209769212,-0.006639214688290096,0.008547623846084484
risk_soft,0.5,1,60000,20847,21169,0.5038318735719726,0.19539590747330962,0.22259284555912018,0.16818687319755554,0.27115963040915614,0.2731574346478065,0.26776515224520026,2.0,heckman,0.17936570114517836,0.19345407955458674,0.2742656117755855,0.2669178356177424,-0.016030206328131263,0.0073477761578431,-0.0008473166274578503,-0.02913876600453344
risk_soft,0.5,2,60000,20925,20984,0.5007039060822258,0.195401028135537,0.22191323339939117,0.16921217739582062,0.2721756641569233,0.28483846533046386,0.26372625956506845,2.0,none (biased baseline),0.16921217739582062,,0.28483846533046386,0.26372625956506845,-0.026188850739716385,0.02111220576539541,0.0,
risk_soft,0.5,2,60000,20925,20984,0.5007039060822258,0.195401028135537,0.22191323339939117,0.16921217739582062,0.2721756641569233,0.28483846533046386,0.26372625956506845,2.0,parcelling,0.31179459925795444,0.454727411361037,0.41984142132374824,0.25300799953979625,0.11639357112241744,0.166833421783952,-0.010718260025272208,0.23281417796164583
risk_soft,0.5,2,60000,20925,20984,0.5007039060822258,0.195401028135537,0.22191323339939117,0.16921217739582062,0.2721756641569233,0.28483846533046386,0.26372625956506845,2.0,fuzzy,0.3124843915660643,0.4561050565116553,0.4282240422596195,0.2523446297049914,0.11708336343052728,0.17587941255462813,-0.01138162986007707,0.2341918231122641
risk_soft,0.5,2,60000,20925,20984,0.5007039060822258,0.195401028135537,0.22191323339939117,0.16921217739582062,0.2721756641569233,0.28483846533046386,0.26372625956506845,2.0,ipw,0.20046163389741745,0.2323745117568268,0.29728916016164675,0.2630793894370005,0.005060605761880443,0.03420977072464626,-0.0006468701280679667,0.010461278357435627
risk_soft,0.5,2,60000,20925,20984,0.5007039060822258,0.195401028135537,0.22191323339939117,0.16921217739582062,0.2721756641569233,0.28483846533046386,0.26372625956506845,2.0,heckman,0.1840824795456325,0.19966225576516863,0.2722564172786699,0.2620649781383746,-0.011318548589904498,0.0101914391402953,-0.0016612814266938614,-0.02225097763422254
risk_soft,0.5,3,60000,21170,20840,0.4960723637229231,0.19911061700944968,0.23665224015712738,0.16145195066928864,0.2834769853028485,0.2906867705438212,0.27469855524150466,2.0,none (biased baseline),0.16145195066928864,,0.2906867705438212,0.27469855524150466,-0.037658666340161046,0.015988215302316533,0.0,
risk_soft,0.5,3,60000,21170,20840,0.4960723637229231,0.19911061700944968,0.23665224015712738,0.16145195066928864,0.2834769853028485,0.2906867705438212,0.27469855524150466,2.0,parcelling,0.30209473929244035,0.4398752399232246,0.41853967606091835,0.2758831056076234,0.10298412228299067,0.14265657045329494,0.0011845503661187529,0.2032229997660972
risk_soft,0.5,3,60000,21170,20840,0.4960723637229231,0.19911061700944968,0.23665224015712738,0.16145195066928864,0.2834769853028485,0.2906867705438212,0.27469855524150466,2.0,fuzzy,0.30315092900590696,0.4420043440433173,0.42213534626114657,0.2743885151589276,0.10404031199645727,0.14774683110221898,-0.0003100400825770677,0.2053521038861899
risk_soft,0.5,3,60000,21170,20840,0.4960723637229231,0.19911061700944968,0.23665224015712738,0.16145195066928864,0.2834769853028485,0.2906867705438212,0.27469855524150466,2.0,ipw,0.19911937020715492,0.23229389370091935,0.30453285594364865,0.27197851106975435,8.7531977052413e-06,0.0325543448738943,-0.002720044171750313,-0.004358346456208029
risk_soft,0.5,3,60000,21170,20840,0.4960723637229231,0.19911061700944968,0.23665224015712738,0.16145195066928864,0.2834769853028485,0.2906867705438212,0.27469855524150466,2.0,heckman,0.17012392885425937,0.17384387012917552,0.26309536283030965,0.26673129435815013,-0.028986688155190315,-0.0036359315278404747,-0.007967260883354532,-0.06280837002795187
risk_soft,0.5,4,60000,21260,20605,0.4921772363549504,0.20612076095947063,0.2403603196144104,0.17161203920841217,0.2835210340659744,0.2764395409197127,0.2698822985422955,2.0,none (biased baseline),0.17161203920841217,,0.2764395409197127,0.2698822985422955,-0.03450872175105846,0.006557242377417172,0.0,
risk_soft,0.5,4,60000,21260,20605,0.4921772363549504,0.20612076095947063,0.2403603196144104,0.17161203920841217,0.2835210340659744,0.2764395409197127,0.2698822985422955,2.0,parcelling,0.29447032042647664,0.42780878427566127,0.3993237855831544,0.2783609688020954,0.08834955946700601,0.12096281678105902,0.00847867025979987,0.18744846466125087
risk_soft,0.5,4,60000,21260,20605,0.4921772363549504,0.20612076095947063,0.2403603196144104,0.17161203920841217,0.2835210340659744,0.2764395409197127,0.2698822985422955,2.0,fuzzy,0.29372264777285856,0.42628967165038967,0.4037391234066332,0.2754206900529519,0.08760188681338793,0.12831843335368132,0.005538391510656382,0.18592935203597927
risk_soft,0.5,4,60000,21260,20605,0.4921772363549504,0.20612076095947063,0.2403603196144104,0.17161203920841217,0.2835210340659744,0.2764395409197127,0.2698822985422955,2.0,ipw,0.19188161072502247,0.21937023384366028,0.2863314597047153,0.26476001015757666,-0.014239150234448161,0.021571449547138632,-0.005122288384718843,-0.020990085770750122
risk_soft,0.5,4,60000,21260,20605,0.4921772363549504,0.20612076095947063,0.2403603196144104,0.17161203920841217,0.2835210340659744,0.2764395409197127,0.2698822985422955,2.0,heckman,0.17720488322549993,0.18955022914734818,0.2690687269990937,0.2670942793838247,-0.028915877733970696,0.0019744476152689927,-0.0027880191584708225,-0.050810090467062224
risk_soft,0.7,0,60000,12613,29414,0.69988340828515,0.20180270405608414,0.22369571030139923,0.15055762231349945,0.2840796893629425,0.25631142448064415,0.26798165669740537,2.0,none (biased baseline),0.15055762231349945,,0.25631142448064415,0.26798165669740537,-0.051245081742584686,-0.011670232216761223,0.0,
risk_soft,0.7,0,60000,12613,29414,0.69988340828515,0.20180270405608414,0.22369571030139923,0.15055762231349945,0.2840796893629425,0.25631142448064415,0.26798165669740537,2.0,parcelling,0.3336902483480488,0.4136805602774189,0.39499450124109625,0.25852505130307635,0.13188754429196464,0.1364694499380199,-0.00945660539432902,0.18998484997601967
risk_soft,0.7,0,60000,12613,29414,0.69988340828515,0.20180270405608414,0.22369571030139923,0.15055762231349945,0.2840796893629425,0.25631142448064415,0.26798165669740537,2.0,fuzzy,0.3383329746475295,0.4203141313044222,0.3991882412055521,0.26158380588973795,0.13653027059144535,0.13760443531581412,-0.006397850807667416,0.19661842100302296
risk_soft,0.7,0,60000,12613,29414,0.69988340828515,0.20180270405608414,0.22369571030139923,0.15055762231349945,0.2840796893629425,0.25631142448064415,0.26798165669740537,2.0,ipw,0.2006141686255866,0.22354020525953905,0.3365661341485826,0.26143561130946624,-0.0011885354304975448,0.07513052283911636,-0.006546045387939126,-0.00015550504186018221
risk_soft,0.7,0,60000,12613,29414,0.69988340828515,0.20180270405608414,0.22369571030139923,0.15055762231349945,0.2840796893629425,0.25631142448064415,0.26798165669740537,2.0,heckman,0.16317738809002982,0.1700501809320812,0.2437030539966143,0.26503279403267266,-0.03862531596605431,-0.021329740036058364,-0.00294886266473271,-0.05364552936931802
risk_soft,0.7,1,60000,12665,29351,0.6985672124904798,0.19539590747330962,0.2166110873222351,0.1458256095647812,0.27115963040915614,0.27903244882754885,0.2603912516583877,2.0,none (biased baseline),0.1458256095647812,,0.27903244882754885,0.2603912516583877,-0.04957029790852843,0.018641197169161128,0.0,
risk_soft,0.7,1,60000,12665,29351,0.6985672124904798,0.19539590747330962,0.2166110873222351,0.1458256095647812,0.27115963040915614,0.27903244882754885,0.2603912516583877,2.0,parcelling,0.3168792845982766,0.3914347040986679,0.3766238919054745,0.26269256078657044,0.12148337712496696,0.11393133111890408,0.002301309128182716,0.17482361677643277
risk_soft,0.7,1,60000,12665,29351,0.6985672124904798,0.19539590747330962,0.2166110873222351,0.1458256095647812,0.27115963040915614,0.27903244882754885,0.2603912516583877,2.0,fuzzy,0.31628404271426136,0.39058261445951464,0.3914389015525379,0.26361923222304773,0.12088813524095174,0.12781966932949018,0.0032279805646600046,0.17397152713727954
risk_soft,0.7,1,60000,12665,29351,0.6985672124904798,0.19539590747330962,0.2166110873222351,0.1458256095647812,0.27115963040915614,0.27903244882754885,0.2603912516583877,2.0,ipw,0.18193981459541264,0.1982686528009154,0.32214110479221003,0.23638843775849305,-0.01345609287789698,0.08575266703371698,-0.02400281389989467,-0.0183424345213197
risk_soft,0.7,1,60000,12665,29351,0.6985672124904798,0.19539590747330962,0.2166110873222351,0.1458256095647812,0.27115963040915614,0.27903244882754885,0.2603912516583877,2.0,heckman,0.16960534161319227,0.18061183644641401,0.26712613337392277,0.25763989161332757,-0.025790565860117354,0.009486241760595204,-0.0027513600450601583,-0.03599925087582109
risk_soft,0.7,2,60000,12572,29337,0.7000167028561884,0.195401028135537,0.21545961499214172,0.14793449640274048,0.2721756641569233,0.28193928805416046,0.2501035458627716,2.0,none (biased baseline),0.14793449640274048,,0.28193928805416046,0.2501035458627716,-0.047466531732796524,0.03183574219138885,0.0,
risk_soft,0.7,2,60000,12572,29337,0.7000167028561884,0.195401028135537,0.21545961499214172,0.14793449640274048,0.2721756641569233,0.28193928805416046,0.2501035458627716,2.0,parcelling,0.3367773018249897,0.4196407267273409,0.3873127979060238,0.25416010273739653,0.14137627368945271,0.13315269516862727,0.004056556874624917,0.20418111173519915
risk_soft,0.7,2,60000,12572,29337,0.7000167028561884,0.195401028135537,0.21545961499214172,0.14793449640274048,0.2721756641569233,0.28193928805416046,0.2501035458627716,2.0,fuzzy,0.33316976622657524,0.4144872274126887,0.4020859007712527,0.25371772014087535,0.13776873809103823,0.14836818063037738,0.0036141742781037323,0.19902761242054695
risk_soft,0.7,2,60000,12572,29337,0.7000167028561884,0.195401028135537,0.21545961499214172,0.14793449640274048,0.2721756641569233,0.28193928805416046,0.2501035458627716,2.0,ipw,0.20076863611523388,0.22534726893580947,0.3453617954588104,0.23316363316934696,0.005367607979696876,0.11219816228946344,-0.016939912693424652,0.009887653943667751
risk_soft,0.7,2,60000,12572,29337,0.7000167028561884,0.195401028135537,0.21545961499214172,0.14793449640274048,0.2721756641569233,0.28193928805416046,0.2501035458627716,2.0,heckman,0.16384229881767412,0.17259661720579508,0.2569844835111792,0.24608239825278,-0.03155872931786288,0.010902085258399197,-0.0040211476099916155,-0.04286299778634664
risk_soft,0.7,3,60000,12682,29328,0.698119495358248,0.19911061700944968,0.22432772815227509,0.13827769458293915,0.2834769853028485,0.3077944120003129,0.25996046150922436,2.0,none (biased baseline),0.13827769458293915,,0.3077944120003129,0.25996046150922436,-0.06083292242651053,0.04783395049108852,0.0,
risk_soft,0.7,3,60000,12682,29328,0.698119495358248,0.19911061700944968,0.22432772815227509,0.13827769458293915,0.2834769853028485,0.3077944120003129,0.25996046150922436,2.0,parcelling,0.3331825760795059,0.4133933442444081,0.3889427264835994,0.2629608612809249,0.13407195907005623,0.12598186520267451,0.0030003997717005237,0.18906561609213302
risk_soft,0.7,3,60000,12682,29328,0.698119495358248,0.19911061700944968,0.22432772815227509,0.13827769458293915,0.2834769853028485,0.3077944120003129,0.25996046150922436,2.0,fuzzy,0.3388260859854935,0.42147721805614224,0.40979801173516694,0.26518494982779894,0.13971546897604384,0.144613061907368,0.005224488318574583,0.19714948990386716
risk_soft,0.7,3,60000,12682,29328,0.698119495358248,0.19911061700944968,0.22432772815227509,0.13827769458293915,0.2834769853028485,0.3077944120003129,0.25996046150922436,2.0,ipw,0.19773391770038076,0.2193740405582703,0.29003575375040835,0.2479946310614085,-0.0013766993090689184,0.042041122688999844,-0.01196583044781585,-0.004953687594004774
risk_soft,0.7,3,60000,12682,29328,0.698119495358248,0.19911061700944968,0.22432772815227509,0.13827769458293915,0.2834769853028485,0.3077944120003129,0.25996046150922436,2.0,heckman,0.17981701903502006,0.19370952497821703,0.26517646458314514,0.25745820688363774,-0.019293597974429616,0.007718257699507403,-0.0025022546255866196,-0.030618203174058056
risk_soft,0.7,4,60000,12477,29388,0.7019706198495163,0.20612076095947063,0.2297435849905014,0.15128205716609955,0.2835210340659744,0.2856662148704021,0.2610086527077662,2.0,none (biased baseline),0.15128205716609955,,0.2856662148704021,0.2610086527077662,-0.05483870379337108,0.024657562162635926,0.0,
risk_soft,0.7,4,60000,12477,29388,0.7019706198495163,0.20612076095947063,0.2297435849905014,0.15128205716609955,0.2835210340659744,0.2856662148704021,0.2610086527077662,2.0,parcelling,0.34797563459922176,0.43238736899414726,0.4134770312979017,0.2698414928233406,0.14185487363975113,0.14363553847456112,0.008832840115574392,0.20264378400364585
risk_soft,0.7,4,60000,12477,29388,0.7019706198495163,0.20612076095947063,0.2297435849905014,0.15128205716609955,0.2835210340659744,0.2856662148704021,0.2610086527077662,2.0,fuzzy,0.3460356749270118,0.42962377801561624,0.4211111089194999,0.26929973930051165,0.1399149139675412,0.15181136961898822,0.008291086592745467,0.19988019302511484
risk_soft,0.7,4,60000,12477,29388,0.7019706198495163,0.20612076095947063,0.2297435849905014,0.15128205716609955,0.2835210340659744,0.2856662148704021,0.2610086527077662,2.0,ipw,0.21138102023313574,0.23780000236708207,0.3546575171784876,0.25447732203587226,0.005260259273665108,0.10018019514261534,-0.006531330671893931,0.008056417376580666
risk_soft,0.7,4,60000,12477,29388,0.7019706198495163,0.20612076095947063,0.2297435849905014,0.15128205716609955,0.2835210340659744,0.2856662148704021,0.2610086527077662,2.0,heckman,0.16550876744825546,0.17245217798845772,0.2728926161017253,0.25574701911064124,-0.040611993511215166,0.01714559699108409,-0.005261633597124948,-0.05729140700204369
random,0.1,0,60000,37802,4225,0.100530611273705,0.20180270405608414,0.21743929386138916,0.2000495046377182,0.2840796893629425,0.28325439159288646,0.2830257224356063,2.0,none (biased baseline),0.2000495046377182,,0.28325439159288646,0.2830257224356063,-0.001753199418365936,0.00022866915728014803,0.0,
random,0.1,0,60000,37802,4225,0.100530611273705,0.20180270405608414,0.21743929386138916,0.2000495046377182,0.2840796893629425,0.28325439159288646,0.2830257224356063,2.0,parcelling,0.21636091151669656,0.39124260355029583,0.2825038484301583,0.283344059230785,0.014558207460612427,-0.000840210800626684,0.0003183367951786753,0.17380330968890667
random,0.1,0,60000,37802,4225,0.100530611273705,0.20180270405608414,0.21743929386138916,0.2000495046377182,0.2840796893629425,0.28325439159288646,0.2830257224356063,2.0,fuzzy,0.21647348006245018,0.3923623475200915,0.28276066180324744,0.2828025945563486,0.014670776006366043,-4.193275310115929e-05,-0.00022312787925771183,0.17492305365870237
random,0.1,0,60000,37802,4225,0.100530611273705,0.20180270405608414,0.21743929386138916,0.2000495046377182,0.2840796893629425,0.28325439159288646,0.2830257224356063,2.0,ipw,0.1968315834475927,0.1969801015952123,0.2768527287930991,0.28303383268238025,-0.004971120608491447,-0.00618110388928117,8.110246773940233e-06,-0.020459192266176873
random,0.1,0,60000,37802,4225,0.100530611273705,0.20180270405608414,0.21743929386138916,0.2000495046377182,0.2840796893629425,0.28325439159288646,0.2830257224356063,2.0,heckman,0.21582969125914978,0.3859584393458181,0.2687210833590954,0.2829223263985341,0.014026987203065638,-0.014201243039438705,-0.00010339603707221201,0.16851914548442892
random,0.1,1,60000,37857,4159,0.09898610053313024,0.19539590747330962,0.20000000298023224,0.1948806792497635,0.27115963040915614,0.2668130641078317,0.2702410222866065,2.0,none (biased baseline),0.1948806792497635,,0.2668130641078317,0.2702410222866065,-0.0005152282235461325,-0.003427958178774837,0.0,
random,0.1,1,60000,37857,4159,0.09898610053313024,0.19539590747330962,0.20000000298023224,0.1948806792497635,0.27115963040915614,0.2668130641078317,0.2702410222866065,2.0,parcelling,0.2152037366785631,0.3811012262563116,0.29462063553400286,0.26869489167429395,0.01980782920525348,0.025925743859708916,-0.0015461306123125684,0.18110122327607936
random,0.1,1,60000,37857,4159,0.09898610053313024,0.19539590747330962,0.20000000298023224,0.1948806792497635,0.27115963040915614,0.2668130641078317,0.2702410222866065,2.0,fuzzy,0.2161930064578085,0.39109525343707,0.29213198470953294,0.2732138284653862,0.020797098984498885,0.018918156244146722,0.0029728061787797078,0.19109525045683778
random,0.1,1,60000,37857,4159,0.09898610053313024,0.19539590747330962,0.20000000298023224,0.1948806792497635,0.27115963040915614,0.2668130641078317,0.2702410222866065,2.0,ipw,0.19682043741818858,0.1953852604655214,0.2886365423339039,0.269762612104647,0.0014245299448789606,0.018873930229256874,-0.0004784101819594877,-0.0046147425147108345
random,0.1,1,60000,37857,4159,0.09898610053313024,0.19539590747330962,0.20000000298023224,0.1948806792497635,0.27115963040915614,0.2668130641078317,0.2702410222866065,2.0,heckman,0.22958555473623424,0.5263925144292163,0.27042174946479625,0.27051175296838137,0.034189647262924616,-9.000350358512321e-05,0.0002707306817748556,0.32639251144898407
random,0.1,2,60000,37700,4209,0.10043188813858599,0.195401028135537,0.20940649509429932,0.19386690855026245,0.2721756641569233,0.27164104212111884,0.2702882454068043,2.0,none (biased baseline),0.19386690855026245,,0.27164104212111884,0.2702882454068043,-0.0015341195852745515,0.0013527967143145414,0.0,
random,0.1,2,60000,37700,4209,0.10043188813858599,0.195401028135537,0.20940649509429932,0.19386690855026245,0.2721756641569233,0.27164104212111884,0.2702882454068043,2.0,parcelling,0.22238659694008253,0.40603468757424566,0.30202579611304126,0.2696308030284833,0.02698556880454553,0.032394993084557955,-0.0006574423783209937,0.19662819247994634
random,0.1,2,60000,37700,4209,0.10043188813858599,0.195401028135537,0.20940649509429932,0.19386690855026245,0.2721756641569233,0.27164104212111884,0.2702882454068043,2.0,fuzzy,0.2221987911338868,0.40416470574201546,0.2984035288622322,0.2692671875832029,0.026797762998349794,0.02913634127902931,-0.0010210578236014012,0.19475821064771615
random,0.1,2,60000,37700,4209,0.10043188813858599,0.195401028135537,0.20940649509429932,0.19386690855026245,0.2721756641569233,0.27164104212111884,0.2702882454068043,2.0,ipw,0.20191359095019706,0.20218503016628425,0.29400706159240286,0.2709088598177918,0.006512562814660061,0.023098201774611082,0.0006206144109874856,-0.0072214649280150645
random,0.1,2,60000,37700,4209,0.10043188813858599,0.195401028135537,0.20940649509429932,0.19386690855026245,0.2721756641569233,0.27164104212111884,0.2702882454068043,2.0,heckman,0.19679654780561717,0.15123464738030237,0.29374220336050816,0.26985101289542457,0.0013955196700801697,0.02389119046508359,-0.00043723251137972596,-0.058171847713996944
random,0.1,3,60000,37832,4178,0.0994525113068317,0.19911061700944968,0.20921409130096436,0.19795602560043335,0.2834769853028485,0.2813985471645719,0.28099269250193215,2.0,none (biased baseline),0.19795602560043335,,0.2813985471645719,0.28099269250193215,-0.0011545914090163312,0.00040585466263975967,0.0,
random,0.1,3,60000,37832,4178,0.0994525113068317,0.19911061700944968,0.20921409130096436,0.19795602560043335,0.2834769853028485,0.2813985471645719,0.28099269250193215,2.0,parcelling,0.21968579218518702,0.395404499760651,0.28893704758935845,0.2798060882486342,0.020575175175737342,0.009130959340724276,-0.0011866042532979737,0.18619040845968665
random,0.1,3,60000,37832,4178,0.0994525113068317,0.19911061700944968,0.20921409130096436,0.19795602560043335,0.2834769853028485,0.2813985471645719,0.28099269250193215,2.0,fuzzy,0.22026831076081277,0.40126175331786434,0.29248932422716,0.28199198611975285,0.021157693751363088,0.010497338107407161,0.0009992936178206957,0.1920476620169
random,0.1,3,60000,37832,4178,0.0994525113068317,0.19911061700944968,0.20921409130096436,0.19795602560043335,0.2834769853028485,0.2813985471645719,0.28099269250193215,2.0,ipw,0.2003242232221272,0.20072295066104756,0.2863678928094622,0.28102505091315066,0.0012136062126775204,0.005342841896311512,3.2358411218513794e-05,-0.008491140639916794
random,0.1,3,60000,37832,4178,0.0994525113068317,0.19911061700944968,0.20921409130096436,0.19795602560043335,0.2834769853028485,0.2813985471645719,0.28099269250193215,2.0,heckman,0.22183713739362013,0.4170363839651205,0.2775234383621168,0.2807162315371041,0.022726520384170446,-0.0031927931749873295,-0.0002764609648280292,0.20782229266415614
random,0.1,4,60000,37624,4241,0.10130180341574108,0.20612076095947063,0.21436403691768646,0.20519894361495972,0.2835210340659744,0.2762070450984351,0.2788065427250559,2.0,none (biased baseline),0.20519894361495972,,0.2762070450984351,0.2788065427250559,-0.0009218173445109112,-0.002599497626620817,0.0,
random,0.1,4,60000,37624,4241,0.10130180341574108,0.20612076095947063,0.21436403691768646,0.20519894361495972,0.2835210340659744,0.2762070450984351,0.2788065427250559,2.0,parcelling,0.2168398418663423,0.38953077104456496,0.2970483078193562,0.28011559613531944,0.01071908090687168,0.01693271168403676,0.0013090534102635498,0.1751667341268785
random,0.1,4,60000,37624,4241,0.10130180341574108,0.20612076095947063,0.21436403691768646,0.20519894361495972,0.2835210340659744,0.2762070450984351,0.2788065427250559,2.0,fuzzy,0.2173813836430896,0.39487659667142766,0.2945755504669769,0.27960385228285145,0.011260622683618965,0.01497169818412547,0.0007973095577955558,0.1805125597537412
random,0.1,4,60000,37624,4241,0.10130180341574108,0.20612076095947063,0.21436403691768646,0.20519894361495972,0.2835210340659744,0.2762070450984351,0.2788065427250559,2.0,ipw,0.1973487058052016,0.19712416618730116,0.28934213669087616,0.28025494134772533,-0.008772055154269015,0.009087195343150833,0.0014483986226694334,-0.0172398707303853
random,0.1,4,60000,37624,4241,0.10130180341574108,0.20612076095947063,0.21436403691768646,0.20519894361495972,0.2835210340659744,0.2762070450984351,0.2788065427250559,2.0,heckman,0.17738028889244312,6.086948292767392e-06,0.2816683907413209,0.27849708077447466,-0.02874047206702751,0.0031713099668462252,-0.0003094619505812357,-0.2143579499693937
random,0.3,0,60000,29462,12565,0.29897446879387063,0.20180270405608414,0.20371775329113007,0.20100779831409454,0.2840796893629425,0.27958134995717887,0.2812277076318306,2.0,none (biased baseline),0.20100779831409454,,0.27958134995717887,0.2812277076318306,-0.0007949057419895933,-0.0016463576746517106,0.0,
random,0.3,0,60000,29462,12565,0.29897446879387063,0.20180270405608414,0.20371775329113007,0.20100779831409454,0.2840796893629425,0.27958134995717887,0.2812277076318306,2.0,parcelling,0.2594046653455899,0.40151213688818144,0.2953593600231048,0.27915367537741753,0.05760196128950579,0.01620568464568728,-0.0020740322544130496,0.19779438359705137
random,0.3,0,60000,29462,12565,0.29897446879387063,0.20180270405608414,0.20371775329113007,0.20100779831409454,0.2840796893629425,0.27958134995717887,0.2812277076318306,2.0,fuzzy,0.2577523512537197,0.39598553089223804,0.2967206449141777,0.2791965520611923,0.055949647197635566,0.017524092852985396,-0.0020311555706382656,0.19226777760110797
random,0.3,0,60000,29462,12565,0.29897446879387063,0.20180270405608414,0.20371775329113007,0.20100779831409454,0.2840796893629425,0.27958134995717887,0.2812277076318306,2.0,ipw,0.1984387542098054,0.19759535636262512,0.2802443822073579,0.27991348250114334,-0.0033639498462787465,0.0003308997062145824,-0.001314225130687241,-0.006122396928504942
random,0.3,0,60000,29462,12565,0.29897446879387063,0.20180270405608414,0.20371775329113007,0.20100779831409454,0.2840796893629425,0.27958134995717887,0.2812277076318306,2.0,heckman,0.2137349956590726,0.24875772320610734,0.2758831514379163,0.28133686924717805,0.011932291602988476,-0.005453717809261738,0.00010916161534746394,0.045039969914977274
random,0.3,1,60000,29307,12709,0.30248000761614624,0.19539590747330962,0.1945071518421173,0.19576886296272278,0.27115963040915614,0.2684817368947656,0.26751044985818395,2.0,none (biased baseline),0.19576886296272278,,0.2684817368947656,0.26751044985818395,0.00037295548941315704,0.0009712870365816695,0.0,
random,0.3,1,60000,29307,12709,0.30248000761614624,0.19539590747330962,0.1945071518421173,0.19576886296272278,0.27115963040915614,0.2684817368947656,0.26751044985818395,2.0,parcelling,0.2541650810083183,0.3901959241482414,0.3235390985944051,0.26724878548792286,0.058769173535008684,0.05629031310648225,-0.00026166437026109435,0.19568877230612408
random,0.3,1,60000,29307,12709,0.30248000761614624,0.19539590747330962,0.1945071518421173,0.19576886296272278,0.27115963040915614,0.2684817368947656,0.26751044985818395,2.0,fuzzy,0.255189297604794,0.3935819879233238,0.3126784809703702,0.2729264204904145,0.05979339013148435,0.03975206047995572,0.005415970632230538,0.19907483608120646
random,0.3,1,60000,29307,12709,0.30248000761614624,0.19539590747330962,0.1945071518421173,0.19576886296272278,0.27115963040915614,0.2684817368947656,0.26751044985818395,2.0,ipw,0.19562765392979464,0.19667097835146355,0.29278819528134203,0.26777323522574736,0.00023174645648502135,0.02501496005559467,0.00026278536756341175,0.0021638265093462394
random,0.3,1,60000,29307,12709,0.30248000761614624,0.19539590747330962,0.1945071518421173,0.19576886296272278,0.27115963040915614,0.2684817368947656,0.26751044985818395,2.0,heckman,0.13666199906371287,0.0017303099390556978,0.2720840216318281,0.2675271271513806,-0.05873390840959675,0.004556894480447493,1.667729319665412e-05,-0.1927768419030616
random,0.3,2,60000,29320,12589,0.30038893793695864,0.195401028135537,0.1957787424325943,0.1952362060546875,0.2721756641569233,0.26655625020662455,0.27021031392975603,2.0,none (biased baseline),0.1952362060546875,,0.26655625020662455,0.27021031392975603,-0.00016482208084950267,-0.0036540637231314843,0.0,
random,0.3,2,60000,29320,12589,0.30038893793695864,0.195401028135537,0.1957787424325943,0.1952362060546875,0.2721756641569233,0.26655625020662455,0.27021031392975603,2.0,parcelling,0.2627597890241204,0.4100405115577091,0.31632976814413816,0.27155293140902836,0.06735876088858339,0.04477683673510979,0.0013426174792723344,0.2142617691251148
random,0.3,2,60000,29320,12589,0.30038893793695864,0.195401028135537,0.1957787424325943,0.1952362060546875,0.2721756641569233,0.26655625020662455,0.27021031392975603,2.0,fuzzy,0.25921467666537906,0.3982387708441902,0.31366442332573663,0.27218299088182274,0.06381364852984206,0.04148143244391389,0.00197267695206671,0.20246002841159588
random,0.3,2,60000,29320,12589,0.30038893793695864,0.195401028135537,0.1957787424325943,0.1952362060546875,0.2721756641569233,0.26655625020662455,0.27021031392975603,2.0,ipw,0.19944756215946816,0.19927300693695216,0.2931677098072336,0.27002895319563747,0.004046534023931153,0.023138756611596145,-0.00018136073411856302,0.003494264504357858
random,0.3,2,60000,29320,12589,0.30038893793695864,0.195401028135537,0.1957787424325943,0.1952362060546875,0.2721756641569233,0.26655625020662455,0.27021031392975603,2.0,heckman,0.2642157522721558,0.41488743853855903,0.2724125505018402,0.2700500588275765,0.06881472413661882,0.0023624916742637225,-0.00016025510217954064,0.21910869610596473
random,0.3,3,60000,29360,12650,0.3011187812425613,0.19911061700944968,0.19812706112861633,0.19953763484954834,0.2834769853028485,0.2875451161623679,0.28052797146321407,2.0,none (biased baseline),0.19953763484954834,,0.2875451161623679,0.28052797146321407,0.00042701784009865906,0.007017144699153821,0.0,
random,0.3,3,60000,29360,12650,0.3011187812425613,0.19911061700944968,0.19812706112861633,0.19953763484954834,0.2834769853028485,0.2875451161623679,0.28052797146321407,2.0,parcelling,0.2585574862503546,0.39509881422924903,0.3184008601128032,0.27989725371257546,0.05944686924090489,0.03850360640022776,-0.0006307177506386097,0.1969717531006327
random,0.3,3,60000,29360,12650,0.3011187812425613,0.19911061700944968,0.19812706112861633,0.19953763484954834,0.2834769853028485,0.2875451161623679,0.28052797146321407,2.0,fuzzy,0.2590724872055402,0.3968091059389208,0.3123117216955662,0.2799616411380117,0.05996187019609053,0.032350080557554506,-0.0005663303252023688,0.1986820448103045
random,0.3,3,60000,29360,12650,0.3011187812425613,0.19911061700944968,0.19812706112861633,0.19953763484954834,0.2834769853028485,0.2875451161623679,0.28052797146321407,2.0,ipw,0.19925565314998017,0.1981604736326697,0.2918210307459237,0.28290193564528177,0.0001450361405304912,0.008919095100641927,0.0023739641820677004,3.3412504053365044e-05
random,0.3,3,60000,29360,12650,0.3011187812425613,0.19911061700944968,0.19812706112861633,0.19953763484954834,0.2834769853028485,0.2875451161623679,0.28052797146321407,2.0,heckman,0.21168066030415483,0.2394232839525809,0.2883470951831,0.2800518959161282,0.012570043294705152,0.008295199266971753,-0.0004760755470858413,0.04129622282396456
random,0.3,4,60000,29403,12462,0.2976710856323898,0.20612076095947063,0.2109084129333496,0.20410561561584473,0.2835210340659744,0.28535088027590194,0.27859418946630465,2.0,none (biased baseline),0.20410561561584473,,0.28535088027590194,0.27859418946630465,-0.0020151453436259015,0.006756690809597288,0.0,
random,0.3,4,60000,29403,12462,0.2976710856323898,0.20612076095947063,0.2109084129333496,0.20410561561584473,0.2835210340659744,0.28535088027590194,0.27859418946630465,2.0,parcelling,0.25706437776753027,0.3996950730219868,0.3163538262242418,0.27980583687531047,0.050943616808059644,0.03654798934893133,0.0012116474090058116,0.1887866600886372
random,0.3,4,60000,29403,12462,0.2976710856323898,0.20612076095947063,0.2109084129333496,0.20410561561584473,0.2835210340659744,0.28535088027590194,0.27859418946630465,2.0,fuzzy,0.25536118830349014,0.3939733568518664,0.31403210125143977,0.27301696191165203,0.04924042734401951,0.04101513933978773,-0.0055772275546526195,0.1830649439185168
random,0.3,4,60000,29403,12462,0.2976710856323898,0.20612076095947063,0.2109084129333496,0.20410561561584473,0.2835210340659744,0.28535088027590194,0.27859418946630465,2.0,ipw,0.19681128901080783,0.19728008659924684,0.29422739077462823,0.2791121582349154,-0.0093094719486628,0.015115232539712808,0.0005179687686107659,-0.01362832633410277
random,0.3,4,60000,29403,12462,0.2976710856323898,0.20612076095947063,0.2109084129333496,0.20410561561584473,0.2835210340659744,0.28535088027590194,0.27859418946630465,2.0,heckman,0.24305115251997192,0.35261886735764464,0.2782706328222959,0.27806876938016134,0.03693039156050129,0.00020186344213457552,-0.0005254200861433134,0.14171045442429503
random,0.5,0,60000,20819,21208,0.5046279772527185,0.20180270405608414,0.20050986111164093,0.20310579240322113,0.2840796893629425,0.26232834975632713,0.2751590905622827,2.0,none (biased baseline),0.20310579240322113,,0.26232834975632713,0.2751590905622827,0.0013030883471369936,-0.012830740805955587,0.0,
random,0.5,0,60000,20819,21208,0.5046279772527185,0.20180270405608414,0.20050986111164093,0.20310579240322113,0.2840796893629425,0.26232834975632713,0.2751590905622827,2.0,parcelling,0.2963571056163742,0.39239909468125234,0.32128759435496246,0.27384711400712236,0.09455440156029005,0.0474404803478401,-0.0013119765551603546,0.1918892335696114
random,0.5,0,60000,20819,21208,0.5046279772527185,0.20180270405608414,0.20050986111164093,0.20310579240322113,0.2840796893629425,0.26232834975632713,0.2751590905622827,2.0,fuzzy,0.2980691741737565,0.3957918288033339,0.3132358481825468,0.2719850820658958,0.09626647011767236,0.041250766116651016,-0.0031740084963869375,0.19528196769169298
random,0.5,0,60000,20819,21208,0.5046279772527185,0.20180270405608414,0.20050986111164093,0.20310579240322113,0.2840796893629425,0.26232834975632713,0.2751590905622827,2.0,ipw,0.1984294783117878,0.1983400418365781,0.27947065737677135,0.2753436659414721,-0.0033732257442963265,0.004126991435299265,0.00018457537918936673,-0.002169819275062823
random,0.5,0,60000,20819,21208,0.5046279772527185,0.20180270405608414,0.20050986111164093,0.20310579240322113,0.2840796893629425,0.26232834975632713,0.2751590905622827,2.0,heckman,0.21870340215596795,0.2385160224759293,0.27345622017962645,0.2751034335133309,0.016900698099883815,-0.0016472133337044337,-5.5657048951829324e-05,0.03800616136428836
random,0.5,1,60000,21124,20892,0.49723914699162225,0.19539590747330962,0.1950148195028305,0.19578686356544495,0.27115963040915614,0.26639517675563207,0.26860228156384247,2.0,none (biased baseline),0.19578686356544495,,0.26639517675563207,0.26860228156384247,0.000390956092135325,-0.0022071048082104028,0.0,
random,0.5,1,60000,21124,20892,0.49723914699162225,0.19539590747330962,0.1950148195028305,0.19578686356544495,0.27115963040915614,0.26639517675563207,0.26860228156384247,2.0,parcelling,0.29407844703817587,0.3919682174995213,0.31654088682198833,0.2644187392989008,0.09868253956486625,0.052122147523087525,-0.004183542264941664,0.19695339799669082
random,0.5,1,60000,21124,20892,0.49723914699162225,0.19539590747330962,0.1950148195028305,0.19578686356544495,0.27115963040915614,0.26639517675563207,0.26860228156384247,2.0,fuzzy,0.2957497389497501,0.39532936056656626,0.31653853605539095,0.26602827509195137,0.10035383147644047,0.05051026096343958,-0.0025740064718910993,0.20031454106373575
random,0.5,1,60000,21124,20892,0.49723914699162225,0.19539590747330962,0.1950148195028305,0.19578686356544495,0.27115963040915614,0.26639517675563207,0.26860228156384247,2.0,ipw,0.19770918250343866,0.19815953385547014,0.2865749543617082,0.26851863943180776,0.0023132750301290417,0.018056314929900452,-8.364213203471138e-05,0.0031447143526396326
random,0.5,1,60000,21124,20892,0.49723914699162225,0.19539590747330962,0.1950148195028305,0.19578686356544495,0.27115963040915614,0.26639517675563207,0.26860228156384247,2.0,heckman,0.22836165320282412,0.2598048626370794,0.2766393858467082,0.26871945528184416,0.032965745729514495,0.007919930564864064,0.00011717371800168408,0.06479004313424891
random,0.5,2,60000,21058,20851,0.4975303634064282,0.195401028135537,0.19640113413333893,0.19438564777374268,0.2721756641569233,0.270482272358445,0.264108959476798,2.0,none (biased baseline),0.19438564777374268,,0.270482272358445,0.264108959476798,-0.0010153803617943269,0.0063733128816469975,0.0,
random,0.5,2,60000,21058,20851,0.4975303634064282,0.195401028135537,0.19640113413333893,0.19438564777374268,0.2721756641569233,0.270482272358445,0.264108959476798,2.0,parcelling,0.30542365447489955,0.4083736991031605,0.3329955968300182,0.26301554781552827,0.11002262633936255,0.06998004901448995,-0.0010934116612697498,0.2119725649698216
random,0.5,2,60000,21058,20851,0.4975303634064282,0.195401028135537,0.19640113413333893,0.19438564777374268,0.2721756641569233,0.270482272358445,0.264108959476798,2.0,fuzzy,0.30485491332907216,0.4072305705874788,0.3315007882818266,0.2618214859997363,0.10945388519353516,0.0696793022820903,-0.0022874734770617078,0.21082943645413987
random,0.5,2,60000,21058,20851,0.4975303634064282,0.195401028135537,0.19640113413333893,0.19438564777374268,0.2721756641569233,0.270482272358445,0.264108959476798,2.0,ipw,0.20377573586480072,0.2040687438957061,0.29302587915504885,0.2628031893991425,0.008374707729263714,0.030222689755906362,-0.0013057700776555325,0.007667609762367161
random,0.5,2,60000,21058,20851,0.4975303634064282,0.195401028135537,0.19640113413333893,0.19438564777374268,0.2721756641569233,0.270482272358445,0.264108959476798,2.0,heckman,0.10224534278420407,6.4915180564947e-09,0.2608162807215928,0.26434726266172737,-0.09315568535133294,-0.00353098194013457,0.00023830318492934488,-0.19640112764182088
random,0.5,3,60000,20964,21046,0.500975958105213,0.19911061700944968,0.2023470103740692,0.19578449428081512,0.2834769853028485,0.2725926786592483,0.2772583380844007,2.0,none (biased baseline),0.19578449428081512,,0.2725926786592483,0.2772583380844007,-0.0033261227286345563,-0.004665659425152402,0.0,
random,0.5,3,60000,20964,21046,0.500975958105213,0.19911061700944968,0.2023470103740692,0.19578449428081512,0.2834769853028485,0.2725926786592483,0.2772583380844007,2.0,parcelling,0.2957867191110841,0.3922360543571225,0.32150276908089825,0.2721335601754842,0.09667610210163444,0.049369208905414075,-0.005124777908916522,0.18988904398305329
random,0.5,3,60000,20964,21046,0.500975958105213,0.19911061700944968,0.2023470103740692,0.19578449428081512,0.2834769853028485,0.2725926786592483,0.2772583380844007,2.0,fuzzy,0.2966319041683341,0.39392313143851904,0.31888366090038245,0.27310644390438843,0.09752128715888445,0.04577721699599402,-0.004151894180012272,0.19157612106444982
random,0.5,3,60000,20964,21046,0.500975958105213,0.19911061700944968,0.2023470103740692,0.19578449428081512,0.2834769853028485,0.2725926786592483,0.2772583380844007,2.0,ipw,0.1979911052236968,0.1970258605241309,0.2897329322968847,0.27647944981245276,-0.0011195117857528691,0.013253482484431922,-0.0007788882719479417,-0.005321149849938311
random,0.5,3,60000,20964,21046,0.500975958105213,0.19911061700944968,0.2023470103740692,0.19578449428081512,0.2834769853028485,0.2725926786592483,0.2772583380844007,2.0,heckman,0.21326342825050756,0.22751100213566375,0.28163687150919214,0.27675947601540307,0.014152811241057883,0.004877395493789072,-0.0004988620689976297,0.025163991761594534
random,0.5,4,60000,20905,20960,0.5006568732831721,0.20612076095947063,0.20455040037631989,0.20773270726203918,0.2835210340659744,0.2858696039774482,0.28011247438632836,2.0,none (biased baseline),0.20773270726203918,,0.2858696039774482,0.28011247438632836,0.0016119463025685565,0.005757129591119847,0.0,
random,0.5,4,60000,20905,20960,0.5006568732831721,0.20612076095947063,0.20455040037631989,0.20773270726203918,0.2835210340659744,0.2858696039774482,0.28011247438632836,2.0,parcelling,0.299773078361008,0.4004770992366412,0.32898729489342626,0.27726711167198514,0.0936523174015374,0.05172018322144112,-0.0028453627143432136,0.19592669886032132
random,0.5,4,60000,20905,20960,0.5006568732831721,0.20612076095947063,0.20455040037631989,0.20773270726203918,0.2835210340659744,0.2858696039774482,0.28011247438632836,2.0,fuzzy,0.29934379845444103,0.3996196658736438,0.3267059186227528,0.27713445592170327,0.0932230374949704,0.04957146270104951,-0.0029780184646250873,0.1950692654973239
random,0.5,4,60000,20905,20960,0.5006568732831721,0.20612076095947063,0.20455040037631989,0.20773270726203918,0.2835210340659744,0.2858696039774482,0.28011247438632836,2.0,ipw,0.19961515279051845,0.20042406707974494,0.2892600812389121,0.2822328108974905,-0.006505608168952182,0.007027270341421588,0.0021203365111621686,-0.004126333296574941
random,0.5,4,60000,20905,20960,0.5006568732831721,0.20612076095947063,0.20455040037631989,0.20773270726203918,0.2835210340659744,0.2858696039774482,0.28011247438632836,2.0,heckman,0.20470422984575165,0.21058886721893094,0.2870523055464611,0.2796162277877803,-0.0014165311137189773,0.007436077758680826,-0.000496246598548078,0.006038466842611057
random,0.7,0,60000,12620,29407,0.6997168486925072,0.20180270405608414,0.2071942389011383,0.18945634365081787,0.2840796893629425,0.2906285866401337,0.2754475616619949,2.0,none (biased baseline),0.18945634365081787,,0.2906285866401337,0.2754475616619949,-0.012346360405266266,0.01518102497813878,0.0,
random,0.7,0,60000,12620,29407,0.6997168486925072,0.20180270405608414,0.2071942389011383,0.18945634365081787,0.2840796893629425,0.2906285866401337,0.2754475616619949,2.0,parcelling,0.33304780302288944,0.3906552861563573,0.32329834146458825,0.2732629840534484,0.1312450989668053,0.05003535741113985,-0.002184577608546512,0.183461047255219
random,0.7,0,60000,12620,29407,0.6997168486925072,0.20180270405608414,0.2071942389011383,0.18945634365081787,0.2840796893629425,0.2906285866401337,0.2754475616619949,2.0,fuzzy,0.33683780297587207,0.3960717627783861,0.3208513532364654,0.2740902676615904,0.13503509891978793,0.046761085574875016,-0.0013572940004045186,0.18887752387724782
random,0.7,0,60000,12620,29407,0.6997168486925072,0.20180270405608414,0.2071942389011383,0.18945634365081787,0.2840796893629425,0.2906285866401337,0.2754475616619949,2.0,ipw,0.19886661290929464,0.19889030241425346,0.2753499938526256,0.27636373126854896,-0.002936091146789499,-0.0010137374159233659,0.0009161696065540514,-0.00830393648688485
random,0.7,0,60000,12620,29407,0.6997168486925072,0.20180270405608414,0.2071942389011383,0.18945634365081787,0.2840796893629425,0.2906285866401337,0.2754475616619949,2.0,heckman,0.20707819583665643,0.2106258822315838,0.26947366980284326,0.2752159776012666,0.0052754917805722945,-0.0057423077984233295,-0.00023158406072831816,0.0034316433304454885
random,0.7,1,60000,12742,29274,0.6967345773038842,0.19539590747330962,0.19517405331134796,0.1959206610918045,0.27115963040915614,0.2747164399586661,0.26240214381884064,2.0,none (biased baseline),0.1959206610918045,,0.2747164399586661,0.26240214381884064,0.0005247536184948831,0.012314296139825487,0.0,
random,0.7,1,60000,12742,29274,0.6967345773038842,0.19539590747330962,0.19517405331134796,0.1959206610918045,0.27115963040915614,0.2747164399586661,0.26240214381884064,2.0,parcelling,0.329826734114583,0.38857006217120993,0.3520074791659473,0.26219515265033255,0.1344308266412734,0.08981232651561477,-0.00020699116850808608,0.19339600885986197
random,0.7,1,60000,12742,29274,0.6967345773038842,0.19539590747330962,0.19517405331134796,0.1959206610918045,0.27115963040915614,0.2747164399586661,0.26240214381884064,2.0,fuzzy,0.33085446717770983,0.39004513330533364,0.34339795039091126,0.26119634405413206,0.1354585597044002,0.0822016063367792,-0.0012057997647085816,0.19487107999398567
random,0.7,1,60000,12742,29274,0.6967345773038842,0.19539590747330962,0.19517405331134796,0.1959206610918045,0.27115963040915614,0.2747164399586661,0.26240214381884064,2.0,ipw,0.19510152361413038,0.19520344181229018,0.297528543567549,0.26236395124409073,-0.00029438385917923693,0.035164592323458255,-3.819257474990678e-05,2.938850094222345e-05
random,0.7,1,60000,12742,29274,0.6967345773038842,0.19539590747330962,0.19517405331134796,0.1959206610918045,0.27115963040915614,0.2747164399586661,0.26240214381884064,2.0,heckman,0.1872922382060061,0.18399503381516819,0.29250513059666083,0.2621483657629331,-0.00810366926730352,0.030356764833727734,-0.00025377805590753866,-0.011179019496179776
random,0.7,2,60000,12452,29457,0.7028800496313441,0.195401028135537,0.1906394511461258,0.20616327226161957,0.2721756641569233,0.24922906265131006,0.26693981552200685,2.0,none (biased baseline),0.20616327226161957,,0.24922906265131006,0.26693981552200685,0.010762244126082565,-0.01771075287069679,0.0,
random,0.7,2,60000,12452,29457,0.7028800496313441,0.195401028135537,0.1906394511461258,0.20616327226161957,0.2721756641569233,0.24922906265131006,0.26693981552200685,2.0,parcelling,0.34627407094324014,0.4069660861594867,0.35241422327966365,0.2634240953243834,0.15087304280770314,0.08899012795528027,-0.003515720197623473,0.2163266350133609
random,0.7,2,60000,12452,29457,0.7028800496313441,0.195401028135537,0.1906394511461258,0.20616327226161957,0.2721756641569233,0.24922906265131006,0.26693981552200685,2.0,fuzzy,0.34417593576587713,0.4039810317701019,0.3533171827192152,0.26424111260495975,0.14877490763034013,0.08907607011425545,-0.002698702917047102,0.21334158062397612
random,0.7,2,60000,12452,29457,0.7028800496313441,0.195401028135537,0.1906394511461258,0.20616327226161957,0.2721756641569233,0.24922906265131006,0.26693981552200685,2.0,ipw,0.20202139503236125,0.20173522779817957,0.29665173710766624,0.2654416654714582,0.006620366896824242,0.031210071636208037,-0.0014981500505486522,0.011095776652053774
random,0.7,2,60000,12452,29457,0.7028800496313441,0.195401028135537,0.1906394511461258,0.20616327226161957,0.2721756641569233,0.24922906265131006,0.26693981552200685,2.0,heckman,0.18241664363896087,0.1738431978512734,0.29662219596319783,0.26715977274326175,-0.012984384496576129,0.029462423219936085,0.00021995722125489614,-0.016796253294852403
random,0.7,3,60000,12621,29389,0.6995715305879553,0.19911061700944968,0.1981087028980255,0.20144283771514893,0.2834769853028485,0.26040853711584644,0.27199259763559613,2.0,none (biased baseline),0.20144283771514893,,0.26040853711584644,0.27199259763559613,0.002332220705699245,-0.011584060519749695,0.0,
random,0.7,3,60000,12621,29389,0.6995715305879553,0.19911061700944968,0.1981087028980255,0.20144283771514893,0.2834769853028485,0.26040853711584644,0.27199259763559613,2.0,parcelling,0.3370864077125581,0.39657695055973324,0.373494622199527,0.27050279313155334,0.13797579070310842,0.10299182906797366,-0.001489804504042791,0.19846824766170773
random,0.7,3,60000,12621,29389,0.6995715305879553,0.19911061700944968,0.1981087028980255,0.20144283771514893,0.2834769853028485,0.26040853711584644,0.27199259763559613,2.0,fuzzy,0.33925567041640936,0.39967779530398423,0.3605951085810679,0.27028356973962286,0.14014505340695968,0.09031153884144505,-0.0017090278959732697,0.20156909240595872
random,0.7,3,60000,12621,29389,0.6995715305879553,0.19911061700944968,0.1981087028980255,0.20144283771514893,0.2834769853028485,0.26040853711584644,0.27199259763559613,2.0,ipw,0.19936842485579256,0.1997164769195032,0.3042742215004113,0.2724227513655637,0.00025780784634288345,0.03185147013484757,0.00043015372996757506,0.001607774021477687
random,0.7,3,60000,12621,29389,0.6995715305879553,0.19911061700944968,0.1981087028980255,0.20144283771514893,0.2834769853028485,0.26040853711584644,0.27199259763559613,2.0,heckman,0.14176123004695518,0.11737008017516835,0.30931388462067844,0.27119394554362297,-0.0573493869624945,0.038119939077055465,-0.0007986520919731621,-0.08073862272285716
random,0.7,4,60000,12587,29278,0.6993431267168279,0.20612076095947063,0.20480987429618835,0.20927177369594574,0.2835210340659744,0.2862065845732671,0.27213133287198343,2.0,none (biased baseline),0.20927177369594574,,0.2862065845732671,0.27213133287198343,0.0031510127364751117,0.014075251701283653,0.0,
random,0.7,4,60000,12587,29278,0.6993431267168279,0.20612076095947063,0.20480987429618835,0.20927177369594574,0.2835210340659744,0.2862065845732671,0.27213133287198343,2.0,parcelling,0.33319001339334153,0.392888858528588,0.33982801101398286,0.27441119447295814,0.1270692524338709,0.06541681654102471,0.0022798616009747086,0.18807898423239966
random,0.7,4,60000,12587,29278,0.6993431267168279,0.20612076095947063,0.20480987429618835,0.20927177369594574,0.2835210340659744,0.2862065845732671,0.27213133287198343,2.0,fuzzy,0.33055019717768175,0.3891141503562881,0.3327337101248147,0.27174406876053503,0.12442943621821112,0.060989641364279645,-0.00038726411144840434,0.18430427606009975
random,0.7,4,60000,12587,29278,0.6993431267168279,0.20612076095947063,0.20480987429618835,0.20927177369594574,0.2835210340659744,0.2862065845732671,0.27213133287198343,2.0,ipw,0.19436777973690111,0.1943851078616409,0.2848549277112289,0.2732475625365294,-0.011752981222569514,0.011607365174699513,0.0011162296645459424,-0.010424766434547456
random,0.7,4,60000,12587,29278,0.6993431267168279,0.20612076095947063,0.20480987429618835,0.20927177369594574,0.2835210340659744,0.2862065845732671,0.27213133287198343,2.0,heckman,0.19318896092296148,0.19269949922561447,0.28140279857292816,0.2717712539913326,-0.01293180003650915,0.009631544581595541,-0.00036007888065081595,-0.012110375070573887
